-- MySQL dump 10.13  Distrib 5.6.32-78.0, for Linux (x86_64)
--
-- Host: localhost    Database: terminal
-- ------------------------------------------------------
-- Server version	5.6.32-78.0-log

/*!40101 SET @OLD_CHARACTER_SET_CLIENT=@@CHARACTER_SET_CLIENT */;
/*!40101 SET @OLD_CHARACTER_SET_RESULTS=@@CHARACTER_SET_RESULTS */;
/*!40101 SET @OLD_COLLATION_CONNECTION=@@COLLATION_CONNECTION */;
/*!40101 SET NAMES utf8 */;
/*!40103 SET @OLD_TIME_ZONE=@@TIME_ZONE */;
/*!40103 SET TIME_ZONE='+00:00' */;
/*!40014 SET @OLD_UNIQUE_CHECKS=@@UNIQUE_CHECKS, UNIQUE_CHECKS=0 */;
/*!40014 SET @OLD_FOREIGN_KEY_CHECKS=@@FOREIGN_KEY_CHECKS, FOREIGN_KEY_CHECKS=0 */;
/*!40101 SET @OLD_SQL_MODE=@@SQL_MODE, SQL_MODE='NO_AUTO_VALUE_ON_ZERO' */;
/*!40111 SET @OLD_SQL_NOTES=@@SQL_NOTES, SQL_NOTES=0 */;

--
-- Table structure for table `administrator`
--

DROP TABLE IF EXISTS `administrator`;
/*!40101 SET @saved_cs_client     = @@character_set_client */;
/*!40101 SET character_set_client = utf8 */;
CREATE TABLE `administrator` (
  `username` varchar(10) NOT NULL DEFAULT '',
  `password` varchar(10) DEFAULT NULL,
  PRIMARY KEY (`username`)
) ENGINE=InnoDB DEFAULT CHARSET=utf8;
/*!40101 SET character_set_client = @saved_cs_client */;

--
-- Dumping data for table `administrator`
--

LOCK TABLES `administrator` WRITE;
/*!40000 ALTER TABLE `administrator` DISABLE KEYS */;
INSERT INTO `administrator` VALUES ('admin','123456'),('alandeng','qwe123'),('frank','123321');
/*!40000 ALTER TABLE `administrator` ENABLE KEYS */;
UNLOCK TABLES;

--
-- Table structure for table `devicetab`
--

DROP TABLE IF EXISTS `devicetab`;
/*!40101 SET @saved_cs_client     = @@character_set_client */;
/*!40101 SET character_set_client = utf8 */;
CREATE TABLE `devicetab` (
  `deviceid` varchar(64) NOT NULL,
  `ip` varchar(64) NOT NULL,
  `version` varchar(64) NOT NULL,
  `type` varchar(64) DEFAULT NULL,
  `total_size` varchar(64) DEFAULT NULL,
  `left_size` varchar(64) DEFAULT NULL,
  `system_time` datetime DEFAULT NULL,
  `online` int(10) DEFAULT NULL,
  `status` varchar(64) DEFAULT NULL,
  `record_time` datetime NOT NULL,
  `curmovie` varchar(64) NOT NULL,
  `curr_pos` varchar(64) DEFAULT NULL,
  PRIMARY KEY (`deviceid`)
) ENGINE=InnoDB DEFAULT CHARSET=utf8;
/*!40101 SET character_set_client = @saved_cs_client */;

--
-- Dumping data for table `devicetab`
--

LOCK TABLES `devicetab` WRITE;
/*!40000 ALTER TABLE `devicetab` DISABLE KEYS */;
INSERT INTO `devicetab` VALUES ('0012408e2000','192.168.1.74','V0.0.7.1','IX801K','465GB','361GB','2017-03-24 14:20:33',0,'4','2017-03-24 14:20:35','邻家美男团','13%'),('0012408e369b','192.168.1.76','V0.0.6.8','IX801EX','465GB','248GB','2017-04-05 10:06:50',1,'3','2017-04-05 10:06:50','','0'),('0040ca99a230','192.168.1.84','V0.0.5.6','IX801EX','465GB','403GB','2017-03-27 11:13:49',0,'3','2017-03-27 11:13:42','','0'),('0040ca99a233','192.168.1.92','V0.0.6.1','IX801K','465GB','233GB','2017-03-06 18:44:49',0,'3','2017-03-06 18:44:50','','0'),('0040ca99a269','192.168.1.67','V0.0.4.7','IX801EX','465GB','0KB','2017-01-13 14:18:46',0,'1','2017-01-13 14:18:48','小门神','4640'),('0040ca99a270','192.168.1.82','V0.0.6.7','IX801EX','465GB','184GB','2017-04-01 14:33:57',0,'1','2017-04-01 14:33:54','蝙蝠侠大战超人：正义黎明','3179'),('0040ca99a271','','V0.0.7.4','IX801K','465GB','424GB','2017-04-05 10:06:49',1,'3199489','2017-04-05 10:06:49','','0');
/*!40000 ALTER TABLE `devicetab` ENABLE KEYS */;
UNLOCK TABLES;

--
-- Table structure for table `registered_device`
--

DROP TABLE IF EXISTS `registered_device`;
/*!40101 SET @saved_cs_client     = @@character_set_client */;
/*!40101 SET character_set_client = utf8 */;
CREATE TABLE `registered_device` (
  `deviceid` varchar(64) NOT NULL DEFAULT '',
  `alias` varchar(64) DEFAULT NULL,
  `register_time` date DEFAULT NULL,
  `current_list_num` int(10) NOT NULL DEFAULT '0',
  PRIMARY KEY (`deviceid`)
) ENGINE=InnoDB DEFAULT CHARSET=utf8;
/*!40101 SET character_set_client = @saved_cs_client */;

--
-- Dumping data for table `registered_device`
--

LOCK TABLES `registered_device` WRITE;
/*!40000 ALTER TABLE `registered_device` DISABLE KEYS */;
INSERT INTO `registered_device` VALUES ('0012408e2000','胡的IX801K','2017-03-15',0),('0012408E369B','胡的测试设备','2017-01-10',2),('0040ca99a230','邓公座位后面的测试机','2017-03-16',4),('0040ca99a233','胡的IX801k','2017-03-06',0),('0040ca99a269','胡影厅','2017-03-14',0),('0040CA99A270','周老板','2017-03-18',0);
/*!40000 ALTER TABLE `registered_device` ENABLE KEYS */;
UNLOCK TABLES;

--
-- Table structure for table `saved_movie_list`
--

DROP TABLE IF EXISTS `saved_movie_list`;
/*!40101 SET @saved_cs_client     = @@character_set_client */;
/*!40101 SET character_set_client = utf8 */;
CREATE TABLE `saved_movie_list` (
  `list_name` varchar(64) DEFAULT NULL,
  `id` varchar(64) DEFAULT NULL,
  `file_name` varchar(64) NOT NULL,
  `class` int(10) NOT NULL,
  `valid` int(10) NOT NULL,
  `play_start` date NOT NULL,
  `play_end` date NOT NULL,
  `create_time` varchar(64) NOT NULL
) ENGINE=InnoDB DEFAULT CHARSET=utf8;
/*!40101 SET character_set_client = @saved_cs_client */;

--
-- Dumping data for table `saved_movie_list`
--

LOCK TABLES `saved_movie_list` WRITE;
/*!40000 ALTER TABLE `saved_movie_list` DISABLE KEYS */;
INSERT INTO `saved_movie_list` VALUES ('伦敦陷落','69','卡罗尔',0,0,'1970-01-01','1970-01-01','1489998146'),('伦敦陷落','74','伦敦陷落',0,0,'1970-01-01','1970-01-01','1489998146'),('如此美好','50','如此美好',0,0,'1970-01-01','1970-01-01','1490077862'),('夺命枪火','27','夺命枪火',0,0,'1970-01-01','1970-01-01','1490277805'),('邻家美男团','42','邻家美男团',0,0,'1970-01-01','1970-01-01','1490277822'),('邻家美男团','50','如此美好',0,0,'1970-01-01','1970-01-01','1490277822'),('夜歌','54','哥斯拉',0,0,'1970-01-01','1970-01-01','1490670266'),('夜歌','18','夜孔雀',0,0,'1970-01-01','1970-01-01','1490670266'),('青蛙王国','37','青蛙王国之冰冻大冒险',0,0,'1970-01-01','1970-01-01','1490676576'),('高跟鞋先生','39','高跟鞋先生',0,0,'1970-01-01','1970-01-01','1490676970'),('失常','72','失常',0,0,'1970-01-01','1970-01-01','1490752061'),('失常','74','伦敦陷落',0,0,'1970-01-01','1970-01-01','1490752061'),('火锅英雄','64','火锅英雄',0,0,'1970-01-01','1970-01-01','1490766515'),('猫林中漫步','40','林中漫步',0,0,'1970-01-01','1970-01-01','1490767016'),('猫林中漫步','41','猫的葬礼',0,0,'1970-01-01','1970-01-01','1490767016'),('拳霸天下','39','高跟鞋先生',0,0,'1970-01-01','1970-01-01','1490837404'),('拳霸天下','46','冬荫功2：拳霸天下',0,0,'1970-01-01','1970-01-01','1490837404'),('恐怖禁忌','30','恐怖禁忌之红旗袍',0,0,'1970-01-01','1970-01-01','1490844109'),('恐怖禁忌','33','笨贼别跑',0,0,'1970-01-01','1970-01-01','1490844109'),('修改测试','30','恐怖禁忌之红旗袍',0,0,'1970-01-01','1970-01-01','1490865997'),('修改测试','29','床下有人3',0,0,'1970-01-01','1970-01-01','1490865997'),('修改测试','45','出棋制胜',0,0,'1970-01-01','1970-01-01','1490865997'),('修改测试','46','冬荫功2：拳霸天下',0,0,'1970-01-01','1970-01-01','1490865997'),('修改测试','58','碟中谍5：神秘国度',0,0,'1970-01-01','1970-01-01','1490865997'),('修改测试','52','安妮：纽约奇缘',0,0,'1970-01-01','1970-01-01','1490865997'),('修改测试','56','歌曲改变人生',0,0,'1970-01-01','1970-01-01','1490865997'),('修改测试','54','哥斯拉',0,0,'1970-01-01','1970-01-01','1490865997'),('修改测试','63','奎迪_金牌拳手_洛奇7',0,0,'1970-01-01','1970-01-01','1490865997'),('修改测试','69','卡罗尔',0,0,'1970-01-01','1970-01-01','1490865997'),('修改测试','65','跟别人睡了',0,0,'1970-01-01','1970-01-01','1490865997'),('修改测试','34','蝙蝠侠大战超人：正义黎明',0,0,'1970-01-01','1970-01-01','1490865997'),('修改测试','24','爱丽丝梦游仙境2：镜中奇遇记',0,0,'1970-01-01','1970-01-01','1490865997'),('修改测试','33','笨贼别跑',0,0,'1970-01-01','1970-01-01','1490865997'),('修改测试','64','火锅英雄',0,0,'1970-01-01','1970-01-01','1490865997'),('修改测试','7','谎言大爆炸',0,0,'1970-01-01','1970-01-01','1490865997'),('xuh2','69','卡罗尔',0,0,'1970-01-01','1970-01-01','1490933305'),('xuh2','67','大空头',0,0,'1970-01-01','1970-01-01','1490933305'),('xuh2','72','失常',0,0,'1970-01-01','1970-01-01','1490933305'),('xuh2','5','一念天堂',0,0,'1970-01-01','1970-01-01','1490933305');
/*!40000 ALTER TABLE `saved_movie_list` ENABLE KEYS */;
UNLOCK TABLES;

--
-- Table structure for table `server_opera_log`
--

DROP TABLE IF EXISTS `server_opera_log`;
/*!40101 SET @saved_cs_client     = @@character_set_client */;
/*!40101 SET character_set_client = utf8 */;
CREATE TABLE `server_opera_log` (
  `username` varchar(64) CHARACTER SET utf8 DEFAULT NULL,
  `oprera_id` varchar(64) NOT NULL,
  `oprera_name` varchar(64) CHARACTER SET utf8 DEFAULT NULL,
  `time` varchar(64) NOT NULL
) ENGINE=InnoDB DEFAULT CHARSET=latin1;
/*!40101 SET character_set_client = @saved_cs_client */;

--
-- Dumping data for table `server_opera_log`
--

LOCK TABLES `server_opera_log` WRITE;
/*!40000 ALTER TABLE `server_opera_log` DISABLE KEYS */;
INSERT INTO `server_opera_log` VALUES ('秦始皇','CM1489462342','创建列表:阿斯顿发','2017-03-14 11:32:22'),('秦始皇','UP1489463847','修改列表:阿拉斯加为阿道夫','2017-03-14 11:57:27'),('秦始皇','UP1489463932','修改列表:阿道夫 为 雅黑啊','2017-03-14 11:58:52'),('秦始皇','UP1489464949','修改列表:  阿道夫阿达为 角门','2017-03-14 12:15:49'),('秦始皇','UP1489464980','修改列表:  角门 为 直线距离','2017-03-14 12:16:20'),('秦始皇','UP1489465287','修改列表:  东方 为 我想说','2017-03-14 12:21:27'),('秦始皇','CM1489465327','创建列表:新世界','2017-03-14 12:22:07'),('秦始皇','DE1489465551','删除列表: 夜孔雀','2017-03-14 12:25:51'),('秦始皇','CD1489465793','创建设备: 撒地方','2017-03-14 12:29:53'),('秦始皇','DD1489466349','删除设备: 胡影厅','2017-03-14 12:39:09'),('秦始皇','CD1489466380','创建设备: 胡影厅','2017-03-14 12:39:40'),('秦始皇','UD1489467050','修改设备:  为 胡颖婷','2017-03-14 12:50:50'),('秦始皇','UD1489467204','修改设备: 黑河 为 黑河','2017-03-14 12:53:24'),('秦始皇','UD1489467215','修改设备: 胡影厅 为 胡影厅','2017-03-14 12:53:35'),('秦始皇','UD1489467440','修改设备: 撒地方 为 撒地方','2017-03-14 12:57:20'),('秦始皇','UD1489467449','修改设备: 胡影厅 为 胡影厅','2017-03-14 12:57:29'),('秦始皇','UD1489467585','修改设备: 胡影厅 为 撒地方','2017-03-14 12:59:45'),('秦始皇','UD1489467594','修改设备: 撒地方 为 胡影厅','2017-03-14 12:59:54'),('秦始皇','CM1489468103','创建列表: 范睢','2017-03-14 01:08:23'),('秦始皇','DM1489468137','删除列表: 阿斯顿发','2017-03-14 01:08:57'),('秦始皇','DM1489468141','删除列表: 撒地方','2017-03-14 01:09:01'),('秦始皇','DM1489468144','删除列表: 阿萨德','2017-03-14 01:09:04'),('秦始皇','CM1489469154','创建列表: 20170314','2017-03-14 01:25:54'),('秦始皇','CM1489472946','创建列表: 是否可以','2017-03-14 02:29:06'),('秦始皇','CM1489480246','创建列表: 创建日志','2017-03-14 04:30:46'),('秦始皇','DM1489481733','删除列表: 创建日志','2017-03-14 04:55:33'),('秦始皇','DM1489481737','删除列表: 是否可以','2017-03-14 04:55:37'),('秦始皇','DM1489481739','删除列表: 20170314','2017-03-14 04:55:39'),('秦始皇','DM1489481743','删除列表: 范睢','2017-03-14 04:55:43'),('秦始皇','DM1489481746','删除列表: 新世界','2017-03-14 04:55:46'),('秦始皇','DM1489481749','删除列表: 全选','2017-03-14 04:55:49'),('秦始皇','CD1489545457','创建设备: 胡的IX801K','2017-03-15 10:37:37'),('秦始皇','CM1489545660','创建列表: test','2017-03-15 10:41:00'),('秦始皇','CM1489547741','创建列表: 马甲','2017-03-15 11:15:41'),('秦始皇','CM1489560273','创建列表: 日志测试','2017-03-15 02:44:33'),('秦始皇','CM1489561002','创建列表: 并不影响','2017-03-15 02:56:42'),('秦始皇','CM1489564559','创建列表: abc','2017-03-15 03:55:59'),('秦始皇','CM1489565822','创建列表: 测试','2017-03-15 04:17:02'),('秦始皇','CM1489565890','创建列表: 倒叙','2017-03-15 04:18:10'),('秦始皇','DM1489565905','删除列表: [object Object]','2017-03-15 04:18:25'),('秦始皇','DM1489565907','删除列表: [object Object]','2017-03-15 04:18:27'),('秦始皇','DM1489565908','删除列表: [object Object]','2017-03-15 04:18:28'),('秦始皇','DM1489565909','删除列表: [object Object]','2017-03-15 04:18:29'),('秦始皇','DM1489565911','删除列表: [object Object]','2017-03-15 04:18:31'),('秦始皇','DM1489565913','删除列表: [object Object]','2017-03-15 04:18:33'),('秦始皇','DM1489565914','删除列表: [object Object]','2017-03-15 04:18:34'),('秦始皇','DM1489565915','删除列表: [object Object]','2017-03-15 04:18:35'),('秦始皇','DM1489565917','删除列表: [object Object]','2017-03-15 04:18:37'),('秦始皇','DM1489565918','删除列表: [object Object]','2017-03-15 04:18:38'),('秦始皇','DM1489565919','删除列表: [object Object]','2017-03-15 04:18:39'),('秦始皇','DM1489565923','删除列表: [object Object]','2017-03-15 04:18:43'),('秦始皇','DM1489566420','删除列表: [object Object]','2017-03-15 04:27:00'),('秦始皇','DM1489566473','删除列表: 谁梦','2017-03-15 04:27:53'),('秦始皇','DM1489566475','删除列表: 再一夜','2017-03-15 04:27:55'),('秦始皇','DM1489566477','删除列表: 骂谁','2017-03-15 04:27:57'),('秦始皇','DM1489566478','删除列表: 马萌','2017-03-15 04:27:58'),('秦始皇','DM1489566479','删除列表: X妖','2017-03-15 04:27:59'),('秦始皇','DM1489566481','删除列表: 合伙人','2017-03-15 04:28:01'),('秦始皇','DM1489566482','删除列表: 直线距离','2017-03-15 04:28:02'),('秦始皇','DM1489566484','删除列表: 我想说','2017-03-15 04:28:04'),('秦始皇','DM1489566485','删除列表: 嘿嘿','2017-03-15 04:28:05'),('秦始皇','DM1489566487','删除列表: 999','2017-03-15 04:28:07'),('秦始皇','DM1489566488','删除列表: 保存成功','2017-03-15 04:28:08'),('秦始皇','DM1489566490','删除列表: 导出测试','2017-03-15 04:28:10'),('秦始皇','DM1489566491','删除列表: test','2017-03-15 04:28:11'),('秦始皇','DM1489566493','删除列表: 马甲','2017-03-15 04:28:13'),('秦始皇','DM1489566494','删除列表: 日志测试','2017-03-15 04:28:14'),('秦始皇','DM1489566496','删除列表: 并不影响','2017-03-15 04:28:16'),('秦始皇','CM1489566524','创建列表: 测试重新排序','2017-03-15 04:28:44'),('秦始皇','UM1489566537','修改列表:  测试重新排序 为 嘿嘿','2017-03-15 04:28:57'),('秦始皇','DM1489566543','删除列表: 嘿嘿','2017-03-15 04:29:03'),('秦始皇','CM1489566553','创建列表: 创建倒叙','2017-03-15 04:29:13'),('秦始皇','CM1489567430','创建列表: 青蛙','2017-03-15 04:43:50'),('秦始皇','CM1489568038','创建列表: 分页','2017-03-15 04:53:58'),('秦始皇','CM1489624436','创建列表: X战警','2017-03-16 08:33:56'),('秦始皇','CM1489630532','创建列表: 爱情','2017-03-16 10:15:32'),('秦始皇','CM1489630609','创建列表: 德古拉元年','2017-03-16 10:16:49'),('秦始皇','CM1489630696','创建列表: 魔笛','2017-03-16 10:18:16'),('秦始皇','CM1489630890','创建列表: 很多','2017-03-16 10:21:30'),('秦始皇','CM1489632379','创建列表: 第三页','2017-03-16 10:46:19'),('秦始皇','CM1489633194','创建列表: 小周测试1','2017-03-16 10:59:54'),('秦始皇','CM1489633213','创建列表: 小周测试2','2017-03-16 11:00:13'),('秦始皇','DM1489633406','删除列表: abc','2017-03-16 11:03:26'),('秦始皇','DM1489633408','删除列表: 测试','2017-03-16 11:03:28'),('秦始皇','DM1489633410','删除列表: 倒叙','2017-03-16 11:03:30'),('秦始皇','DM1489633412','删除列表: 创建倒叙','2017-03-16 11:03:32'),('秦始皇','CM1489649224','创建列表: 怎么了','2017-03-16 03:27:04'),('秦始皇','CM1489734005','创建列表: ces','2017-03-17 03:00:05'),('秦始皇','UM1489734055','修改列表:  ces 为 ces1','2017-03-17 03:00:55'),('秦始皇','DM1489734062','删除列表: ces1','2017-03-17 03:01:02'),('秦始皇','CM1489744963','创建列表: 我真的不知道为什么长的播放列表就不行了','2017-03-17 06:02:43'),('秦始皇','DM1489745067','删除列表: 我真的不知道为什么长的播放列表就不行了','2017-03-17 06:04:27'),('秦始皇','CM1489745298','创建列表: 男神抱抱','2017-03-17 06:08:18'),('秦始皇','CM1489745625','创建列表: 一念天堂','2017-03-17 06:13:45'),('秦始皇','DM1489745641','删除列表: 一念天堂','2017-03-17 06:14:01'),('秦始皇','CM1489821492','创建列表: 床下有单身','2017-03-18 03:18:12'),('frank','CM1489822239','创建列表: 测试session','2017-03-18 03:30:39'),('frank','CM1489822272','创建列表: 错误','2017-03-18 03:31:12'),('frank','CM1489822326','创建列表: 是否','2017-03-18 03:32:06'),('frank','DM1489822347','删除列表: 是否','2017-03-18 03:32:27'),('frank','DM1489822349','删除列表: 错误','2017-03-18 03:32:29'),('frank','UM1489822367','修改列表:  测试session 为 测试修改','2017-03-18 03:32:47'),('frank','CM1489822396','创建列表: 增加不行','2017-03-18 03:33:16'),('frank','CM1489822430','创建列表: 不稳定','2017-03-18 03:33:50'),('frank','DM1489822452','删除列表: 不稳定','2017-03-18 03:34:12'),('frank','DM1489822455','删除列表: 增加不行','2017-03-18 03:34:15'),('frank','UM1489822475','修改列表:  测试修改 为 测试session','2017-03-18 03:34:35'),('frank','DM1489822645','删除列表: 测试session','2017-03-18 03:37:25'),('frank','UD1489822975','修改设备: 周大侠 为 ','2017-03-18 03:42:55'),('','UD1489823204','修改设备: 周老板 为 ','2017-03-18 03:46:44'),('frank','UD1489823295','修改设备: 可以了 为 ','2017-03-18 03:48:15'),('frank','UD1489823494','修改设备: 春天挂着分 为 ','2017-03-18 03:51:34'),('frank','CM1489823622','创建列表: 创简历表','2017-03-18 03:53:42'),('','UD1489823696','修改设备: 就想知道为什么 为 ','2017-03-18 03:54:56'),('frank','UD1489823769','修改设备: 秋天下着雨 为 ','2017-03-18 03:56:09'),('frank','UD1489823830','修改设备: 或许我们分粥 为 ','2017-03-18 03:57:10'),('frank','CD1489823859','创建设备: 0040CA99A270','2017-03-18 03:57:39'),('frank','DD1489823898','删除设备: ','2017-03-18 03:58:18'),('frank','CD1489823920','创建设备: 周老板','2017-03-18 03:58:40'),('frank','UD1489823942','修改设备: 周大小 为 ','2017-03-18 03:59:02'),('frank','DD1489823961','删除设备: ','2017-03-18 03:59:21'),('frank','CD1489823996','创建设备: 周老板','2017-03-18 03:59:56'),('frank','UD1489825316','修改设备: 我不服 为 ','2017-03-18 04:21:56'),('frank','UD1489825497','修改设备: 23 为 ','2017-03-18 04:24:57'),('秦始皇','UD1489825733','修改设备: 金坷垃大姐夫 为 ','2017-03-18 04:28:53'),('frank','DD1489825808','删除设备: ','2017-03-18 04:30:08'),('frank','CD1489825823','创建设备: 周老板','2017-03-18 04:30:23'),('frank','UD1489826007','修改设备:  为 周大侠','2017-03-18 04:33:27'),('frank','UD1489826036','修改设备:  为 周老板','2017-03-18 04:33:56'),('frank','UD1489826115','修改设备: 周老板 为 周大侠','2017-03-18 04:35:15'),('frank','UD1489826134','修改设备: 周大侠 为 周老板','2017-03-18 04:35:34'),('frank','CM1489826205','创建列表: 创建测试','2017-03-18 04:36:45'),('frank','UM1489826219','修改列表:  创建测试 为 创建修改','2017-03-18 04:36:59'),('frank','DM1489826224','删除列表: 创建修改','2017-03-18 04:37:04'),('frank','CD1489826257','创建设备: 231','2017-03-18 04:37:37'),('frank','UD1489826266','修改设备: 231 为 8888','2017-03-18 04:37:46'),('frank','DD1489826269','删除设备: ','2017-03-18 04:37:49'),('frank','DD1489826283','删除设备: ','2017-03-18 04:38:03'),('frank','CD1489826307','创建设备: 周大侠','2017-03-18 04:38:27'),('frank','UD1489826315','修改设备: 周大侠 为 周老板','2017-03-18 04:38:35'),('frank','DD1489826321','删除设备: ','2017-03-18 04:38:41'),('frank','CD1489826331','创建设备: 周老板','2017-03-18 04:38:51'),('frank','UD1489827134','修改设备: 胡的测试设备 为 胡的测试','2017-03-18 04:52:14'),('frank','UD1489827145','修改设备: 胡的测试 为 胡的测试设备','2017-03-18 04:52:25'),('frank','DM1489978434','删除列表: 创简历表','2017-03-20 10:53:54'),('admin','CM1489978742','创建列表: wo','2017-03-20 10:59:02'),('admin','CM1489994231','创建列表: v','2017-03-20 03:17:11'),('admin','CM1489998146','创建列表: 伦敦陷落','2017-03-20 04:22:26'),('admin','DM1490058782','删除列表: wo','2017-03-21 09:13:02'),('admin','DM1490058785','删除列表: v','2017-03-21 09:13:05'),('admin','CM1490058793','创建列表: we','2017-03-21 09:13:13'),('admin','CM1490060572','创建列表: faf ','2017-03-21 09:42:52'),('admin','CM1490060635','创建列表: wewe','2017-03-21 09:43:55'),('admin','DM1490060700','删除列表: wewe','2017-03-21 09:45:00'),('admin','DM1490060702','删除列表: faf ','2017-03-21 09:45:02'),('admin','DM1490060704','删除列表: we','2017-03-21 09:45:04'),('admin','CM1490060710','创建列表: fadfa','2017-03-21 09:45:10'),('admin','CM1490060786','创建列表: 2323','2017-03-21 09:46:26'),('admin','CM1490060804','创建列表: werwer','2017-03-21 09:46:44'),('admin','DM1490060809','删除列表: werwer','2017-03-21 09:46:49'),('admin','DM1490060811','删除列表: 2323','2017-03-21 09:46:51'),('admin','DM1490060813','删除列表: fadfa','2017-03-21 09:46:53'),('admin','CM1490062451','创建列表: 谁的青春','2017-03-21 10:14:11'),('秦始皇','SM1490076607','下发列表:青蛙','2017-03-21 02:10:07'),('admin','SM1490076661','下发列表:第三页','2017-03-21 02:11:01'),('admin','CM1490076681','创建列表: 测试下发','2017-03-21 02:11:21'),('admin','CM1490076716','创建列表: 测试下发2','2017-03-21 02:11:56'),('admin','DM1490076721','删除列表: 测试下发2','2017-03-21 02:12:01'),('admin','DM1490076723','删除列表: 测试下发','2017-03-21 02:12:03'),('admin','SM1490076729','下发列表:小周测试1','2017-03-21 02:12:09'),('admin','SM1490076750','下发列表:爱情','2017-03-21 02:12:30'),('admin','CM1490076879','创建列表: 创建测试','2017-03-21 02:14:39'),('admin','SM1490076895','下发列表:创建测试','2017-03-21 02:14:55'),('admin','CM1490077862','创建列表: 如此美好','2017-03-21 02:31:02'),('admin','SM1490077878','下发列表:如此美好','2017-03-21 02:31:18'),('admin','DM1490078006','删除列表: 创建测试','2017-03-21 02:33:26'),('admin','SM1490078013','下发列表:如此美好','2017-03-21 02:33:33'),('admin','SM1490078250','下发列表:爱情','2017-03-21 02:37:30'),('','CM1490162895','创建列表: 小周测试','2017-03-22 02:08:15'),('admin','CM1490162934','创建列表: 水电费是否','2017-03-22 02:08:54'),('admin','CM1490162976','创建列表: 按时','2017-03-22 02:09:36'),('admin','CM1490163011','创建列表: 小吕测试','2017-03-22 02:10:11'),('admin','CM1490163048','创建列表: 阿斯顿发斯蒂芬','2017-03-22 02:10:48'),('admin','CM1490163061','创建列表: 阿斯顿发斯蒂芬','2017-03-22 02:11:01'),('admin','CM1490163069','创建列表: 阿斯顿发斯蒂芬','2017-03-22 02:11:09'),('admin','DM1490163077','删除列表: 按时','2017-03-22 02:11:17'),('admin','DM1490163080','删除列表: 小周测试','2017-03-22 02:11:20'),('admin','DM1490163083','删除列表: 水电费是否','2017-03-22 02:11:23'),('admin','CM1490163250','创建列表: 阿斯顿发斯蒂芬','2017-03-22 02:14:10'),('admin','DM1490163259','删除列表: 阿斯顿发斯蒂芬','2017-03-22 02:14:19'),('admin','CM1490163281','创建列表: 啊沙发斯蒂芬','2017-03-22 02:14:41'),('admin','CM1490163301','创建列表: 撒地方','2017-03-22 02:15:01'),('admin','DM1490163307','删除列表: 撒地方','2017-03-22 02:15:07'),('admin','DM1490163309','删除列表: 啊沙发斯蒂芬','2017-03-22 02:15:09'),('admin','CM1490163450','创建列表: 问问','2017-03-22 02:17:30'),('admin','DM1490163457','删除列表: 问问','2017-03-22 02:17:37'),('admin','DM1490163648','删除列表: 小吕测试','2017-03-22 02:20:48'),('admin','CM1490163653','创建列表: 小吕测试','2017-03-22 02:20:53'),('admin','DM1490163660','删除列表: 小吕测试','2017-03-22 02:21:00'),('admin','CM1490163675','创建列表: 小吕测试','2017-03-22 02:21:15'),('admin','DM1490163682','删除列表: 小吕测试','2017-03-22 02:21:22'),('admin','CM1490163837','创建列表: 测试','2017-03-22 02:23:57'),('admin','CM1490163991','创建列表: 切克闹','2017-03-22 02:26:31'),('admin','DM1490163995','删除列表: 切克闹','2017-03-22 02:26:35'),('admin','DM1490163997','删除列表: 测试','2017-03-22 02:26:37'),('admin','CM1490164012','创建列表: 阿道夫','2017-03-22 02:26:52'),('admin','DM1490164030','删除列表: 阿道夫','2017-03-22 02:27:10'),('admin','CM1490164128','创建列表: 玩儿玩儿','2017-03-22 02:28:48'),('admin','DM1490164136','删除列表: 玩儿玩儿','2017-03-22 02:28:56'),('admin','CM1490164406','创建列表: 娃儿','2017-03-22 02:33:26'),('admin','DM1490164411','删除列表: 娃儿','2017-03-22 02:33:31'),('admin','CM1490164419','创建列表: 娃儿','2017-03-22 02:33:39'),('admin','DM1490164424','删除列表: 娃儿','2017-03-22 02:33:44'),('admin','CM1490164562','创建列表: 测试1','2017-03-22 02:36:02'),('admin','DM1490164568','删除列表: 测试1','2017-03-22 02:36:08'),('admin','CM1490164765','创建列表: 重影','2017-03-22 02:39:25'),('admin','CM1490164865','创建列表: 导出','2017-03-22 02:41:05'),('admin','CM1490164885','创建列表: 2323','2017-03-22 02:41:25'),('admin','DM1490164891','删除列表: 重影','2017-03-22 02:41:31'),('admin','DM1490164893','删除列表: 导出','2017-03-22 02:41:33'),('admin','DM1490164895','删除列表: 2323','2017-03-22 02:41:35'),('admin','CM1490164999','创建列表: 在vzsdf ','2017-03-22 02:43:19'),('admin','DM1490165004','删除列表: 在vzsdf ','2017-03-22 02:43:24'),('admin','CM1490165015','创建列表: 驱蚊器翁','2017-03-22 02:43:35'),('admin','DM1490165023','删除列表: 驱蚊器翁','2017-03-22 02:43:43'),('admin','CM1490165032','创建列表: 驱蚊器翁','2017-03-22 02:43:52'),('admin','DM1490165036','删除列表: 驱蚊器翁','2017-03-22 02:43:56'),('admin','CM1490165051','创建列表: 淇魏企鹅','2017-03-22 02:44:11'),('admin','CM1490165063','创建列表: 娃儿','2017-03-22 02:44:23'),('admin','CM1490165085','创建列表: 为32','2017-03-22 02:44:45'),('admin','CM1490165099','创建列表: 防守打法','2017-03-22 02:44:59'),('admin','CM1490165115','创建列表: 去','2017-03-22 02:45:15'),('admin','CM1490165138','创建列表: 去娃儿','2017-03-22 02:45:38'),('admin','CM1490165164','创建列表: 去娃儿','2017-03-22 02:46:04'),('admin','DM1490165190','删除列表: 防守打法','2017-03-22 02:46:30'),('admin','DM1490165192','删除列表: 为32','2017-03-22 02:46:32'),('admin','DM1490165194','删除列表: 淇魏企鹅','2017-03-22 02:46:34'),('admin','DM1490165196','删除列表: 谁的青春','2017-03-22 02:46:36'),('admin','DM1490165198','删除列表: 娃儿','2017-03-22 02:46:38'),('admin','CM1490165209','创建列表: 去娃儿','2017-03-22 02:46:49'),('admin','DM1490165219','删除列表: 去娃儿','2017-03-22 02:46:59'),('admin','CM1490165227','创建列表: 撒地方','2017-03-22 02:47:07'),('admin','DM1490165233','删除列表: 撒地方','2017-03-22 02:47:13'),('admin','CM1490165245','创建列表: 啊啊啊啊的','2017-03-22 02:47:25'),('admin','DM1490165250','删除列表: 啊啊啊啊的','2017-03-22 02:47:30'),('admin','CM1490165266','创建列表: 娃儿娃儿','2017-03-22 02:47:46'),('admin','DM1490165273','删除列表: 娃儿娃儿','2017-03-22 02:47:53'),('admin','CM1490165281','创建列表: 阿斯顿发到付','2017-03-22 02:48:01'),('admin','DM1490165306','删除列表: 阿斯顿发到付','2017-03-22 02:48:26'),('admin','CM1490165326','创建列表: 玩儿玩儿娃儿翁rw','2017-03-22 02:48:46'),('admin','CM1490165344','创建列表: 沙发','2017-03-22 02:49:04'),('admin','CM1490165355','创建列表: 阿斯顿发','2017-03-22 02:49:15'),('admin','CM1490165364','创建列表: 玩儿玩儿','2017-03-22 02:49:24'),('admin','DM1490165371','删除列表: 玩儿玩儿','2017-03-22 02:49:31'),('admin','DM1490165374','删除列表: 阿斯顿发','2017-03-22 02:49:34'),('admin','DM1490165375','删除列表: 沙发','2017-03-22 02:49:35'),('admin','DM1490165377','删除列表: 玩儿玩儿娃儿翁rw','2017-03-22 02:49:37'),('admin','CM1490165385','创建列表: 维恩二多所','2017-03-22 02:49:45'),('admin','CM1490165396','创建列表: 玩儿玩儿玩儿为','2017-03-22 02:49:56'),('admin','DM1490165403','删除列表: 维恩二多所','2017-03-22 02:50:03'),('admin','DM1490165405','删除列表: 玩儿玩儿玩儿为','2017-03-22 02:50:05'),('admin','CM1490165409','创建列表: 阿打发斯蒂芬','2017-03-22 02:50:09'),('admin','DM1490165414','删除列表: 阿打发斯蒂芬','2017-03-22 02:50:14'),('admin','CM1490165475','创建列表: 显示','2017-03-22 02:51:15'),('admin','DM1490165480','删除列表: 显示','2017-03-22 02:51:20'),('admin','CM1490165677','创建列表: 收到','2017-03-22 02:54:37'),('admin','DM1490165738','删除列表: 收到','2017-03-22 02:55:38'),('admin','CM1490165771','创建列表: 数据是否一样','2017-03-22 02:56:11'),('admin','CM1490165788','创建列表: 如此诡异','2017-03-22 02:56:28'),('admin','CM1490165797','创建列表: 驱蚊器翁','2017-03-22 02:56:37'),('admin','DM1490165838','删除列表: 驱蚊器翁','2017-03-22 02:57:18'),('admin','CM1490167943','创建列表: 测试','2017-03-22 03:32:23'),('admin','DM1490167981','删除列表: 测试','2017-03-22 03:33:01'),('admin','CM1490168896','创建列表: 测试','2017-03-22 03:48:16'),('admin','DM1490168902','删除列表: 测试','2017-03-22 03:48:22'),('admin','CM1490168909','创建列表: 234 ','2017-03-22 03:48:29'),('admin','CM1490168921','创建列表: 娃儿','2017-03-22 03:48:41'),('admin','DM1490168928','删除列表: 娃儿','2017-03-22 03:48:48'),('admin','DM1490168930','删除列表: 234 ','2017-03-22 03:48:50'),('admin','CM1490169167','创建列表: 阿发地方','2017-03-22 03:52:47'),('admin','DM1490169172','删除列表: 阿发地方','2017-03-22 03:52:52'),('admin','CM1490169178','创建列表: 驱蚊器翁群无','2017-03-22 03:52:58'),('admin','DM1490169184','删除列表: 驱蚊器翁群无','2017-03-22 03:53:04'),('admin','CM1490169207','创建列表: 淇魏企鹅','2017-03-22 03:53:27'),('admin','CM1490169227','创建列表: 请问','2017-03-22 03:53:47'),('admin','CM1490169236','创建列表: 驱蚊器翁','2017-03-22 03:53:56'),('admin','CM1490169247','创建列表: 三十多岁多所多所多所多','2017-03-22 03:54:07'),('admin','DM1490169253','删除列表: 驱蚊器翁','2017-03-22 03:54:13'),('admin','DM1490169255','删除列表: 请问','2017-03-22 03:54:15'),('admin','DM1490169257','删除列表: 淇魏企鹅','2017-03-22 03:54:17'),('admin','DM1490169259','删除列表: 数据是否一样','2017-03-22 03:54:19'),('admin','DM1490169261','删除列表: 如此诡异','2017-03-22 03:54:21'),('admin','CM1490169267','创建列表: 三十多岁多所多所多所多','2017-03-22 03:54:27'),('admin','CM1490169277','创建列表: 定时定时多','2017-03-22 03:54:37'),('admin','CM1490169285','创建列表: 驱蚊器翁','2017-03-22 03:54:45'),('admin','CM1490169305','创建列表: 阿恃多伐底','2017-03-22 03:55:05'),('admin','CM1490169320','创建列表: 驱蚊器翁问问','2017-03-22 03:55:20'),('admin','CM1490169336','创建列表: 阿斯顿发打发','2017-03-22 03:55:36'),('admin','DM1490169339','删除列表: 驱蚊器翁问问','2017-03-22 03:55:39'),('admin','DM1490169342','删除列表: 阿恃多伐底','2017-03-22 03:55:42'),('admin','DM1490169344','删除列表: 驱蚊器翁','2017-03-22 03:55:44'),('admin','DM1490169345','删除列表: 定时定时多','2017-03-22 03:55:45'),('admin','DM1490169347','删除列表: 三十多岁多所多所多所多','2017-03-22 03:55:47'),('admin','CM1490169556','创建列表: 阿斯顿发','2017-03-22 03:59:16'),('admin','DM1490169561','删除列表: 阿斯顿发','2017-03-22 03:59:21'),('admin','CM1490175471','创建列表: 测试导出','2017-03-22 05:37:51'),('admin','CM1490178688','创建列表: 一念天堂','2017-03-22 06:31:28'),('admin','SM1490252034','下发列表:青蛙','2017-03-23 02:53:54'),('admin','SM1490252042','下发列表:德古拉元年','2017-03-23 02:54:02'),('admin','SM1490252051','下发列表:第三页','2017-03-23 02:54:11'),('admin','SM1490252073','下发列表:德古拉元年','2017-03-23 02:54:33'),('admin','SM1490252106','下发列表:魔笛','2017-03-23 02:55:06'),('admin','SM1490259011','下发列表:床下有单身','2017-03-23 04:50:11'),('','SM1490266389','下发列表:怎么了','2017-03-23 06:53:09'),('','SM1490266396','下发列表:怎么了','2017-03-23 06:53:16'),('','SM1490266414','下发列表:青蛙','2017-03-23 06:53:34'),('','SM1490266452','下发列表:第三页','2017-03-23 06:54:12'),('','SM1490266477','下发列表:小周测试2','2017-03-23 06:54:37'),('admin','CM1490277805','创建列表: 夺命枪火','2017-03-23 10:03:25'),('admin','CM1490277822','创建列表: 邻家美男团','2017-03-23 10:03:42'),('admin','CM1490277857','创建列表: 跟别人睡了2','2017-03-23 10:04:17'),('admin','SM1490333031','下发列表:很多','2017-03-24 01:23:51'),('admin','SM1490333046','下发列表:怎么了','2017-03-24 01:24:06'),('admin','SM1490333071','下发列表:怎么了','2017-03-24 01:24:31'),('admin','SM1490334301','下发列表:怎么了','2017-03-24 01:45:01'),('admin','SM1490335088','下发列表:小周测试1','2017-03-24 01:58:08'),('admin','SM1490335101','下发列表:魔笛','2017-03-24 01:58:21'),('admin','SM1490336000','下发列表:跟别人睡了2','2017-03-24 02:13:20'),('admin','CM1490348591','创建列表: 洛杉矶捣蛋计划','2017-03-24 05:43:11'),('admin','CM1490348601','创建列表: 洛杉矶捣蛋计划','2017-03-24 05:43:21'),('admin','CM1490348611','创建列表: 洛杉矶捣蛋计划','2017-03-24 05:43:31'),('admin','CM1490348614','创建列表: 洛杉矶捣蛋计划','2017-03-24 05:43:34'),('admin','CM1490351266','创建列表: 洛杉矶捣蛋计划','2017-03-24 06:27:46'),('admin','CM1490351268','创建列表: 洛杉矶捣蛋计划','2017-03-24 06:27:48'),('admin','DM1490351298','删除列表: 跟别人睡了2','2017-03-24 06:28:18'),('admin','DM1490351304','删除列表: 测试导出','2017-03-24 06:28:24'),('admin','CM1490351319','创建列表: 洛杉矶捣蛋计划','2017-03-24 06:28:39'),('admin','CM1490354445','创建列表: 单亲度假村','2017-03-24 07:20:45'),('admin','DM1490354520','删除列表: 一念天堂','2017-03-24 07:22:00'),('admin','CM1490354544','创建列表: 致我们终将到来的爱情','2017-03-24 07:22:24'),('admin','CM1490354660','创建列表: 跟别人睡了','2017-03-24 07:24:20'),('admin','CM1490577701','创建列表: 与国际化根据规划','2017-03-27 09:21:41'),('admin','DM1490577736','删除列表: 青蛙','2017-03-27 09:22:16'),('admin','CM1490577747','创建列表: 与国际化根据规划','2017-03-27 09:22:27'),('admin','CM1490577754','创建列表: 计划计划好几句话','2017-03-27 09:22:34'),('admin','DM1490577762','删除列表: 与国际化根据规划','2017-03-27 09:22:42'),('admin','SM1490578161','下发列表:致我们终将到来的爱情','2017-03-27 09:29:21'),('admin','CM1490579174','创建列表: 阿斯顿发','2017-03-27 09:46:14'),('admin','DM1490579186','删除列表: 阿斯顿发','2017-03-27 09:46:26'),('admin','SM1490579431','下发列表:X战警','2017-03-27 09:50:31'),('admin','SM1490580026','下发列表:如此美好','2017-03-27 10:00:26'),('admin','DM1490583333','删除列表: 致我们终将到来的爱情','2017-03-27 10:55:33'),('admin','DM1490583337','删除列表: 分页','2017-03-27 10:55:37'),('admin','DM1490583340','删除列表: X战警','2017-03-27 10:55:40'),('admin','DM1490583344','删除列表: 爱情','2017-03-27 10:55:44'),('admin','DM1490583347','删除列表: 德古拉元年','2017-03-27 10:55:47'),('admin','DM1490583351','删除列表: 很多','2017-03-27 10:55:51'),('admin','DM1490583354','删除列表: 第三页','2017-03-27 10:55:54'),('admin','DM1490583358','删除列表: 小周测试1','2017-03-27 10:55:58'),('admin','CM1490583615','创建列表: 测试1','2017-03-27 11:00:15'),('admin','CM1490583625','创建列表: 测试2','2017-03-27 11:00:25'),('admin','DM1490583878','删除列表: 测试2','2017-03-27 11:04:38'),('admin','DM1490583880','删除列表: 测试1','2017-03-27 11:04:40'),('admin','CM1490584147','创建列表: 阿斯顿发','2017-03-27 11:09:07'),('admin','DM1490584155','删除列表: 阿斯顿发','2017-03-27 11:09:15'),('admin','DM1490584157','删除列表: 单亲度假村','2017-03-27 11:09:17'),('admin','CM1490584173','创建列表: 阿大声道','2017-03-27 11:09:33'),('admin','CM1490584271','创建列表: 俺的沙发','2017-03-27 11:11:11'),('admin','DM1490584278','删除列表: 俺的沙发','2017-03-27 11:11:18'),('admin','DM1490584280','删除列表: 阿大声道','2017-03-27 11:11:20'),('admin','CM1490585105','创建列表: 玩儿玩儿','2017-03-27 11:25:05'),('admin','CM1490585111','创建列表: 娃儿','2017-03-27 11:25:11'),('admin','CM1490585116','创建列表: 娃儿阿达','2017-03-27 11:25:16'),('admin','CM1490585120','创建列表: 娃儿阿达阿发','2017-03-27 11:25:20'),('admin','CM1490585124','创建列表: 信息','2017-03-27 11:25:24'),('admin','CM1490585128','创建列表: 师傅告诉','2017-03-27 11:25:28'),('admin','CM1490585132','创建列表: 爱的发送','2017-03-27 11:25:32'),('admin','CM1490585135','创建列表: 双方各啥','2017-03-27 11:25:35'),('admin','CM1490585151','创建列表: 萨达','2017-03-27 11:25:51'),('admin','CM1490585167','创建列表: 阿道夫','2017-03-27 11:26:07'),('admin','CM1490585172','创建列表: 阿道夫阿斯顿发','2017-03-27 11:26:12'),('admin','DM1490585177','删除列表: 魔笛','2017-03-27 11:26:17'),('admin','DM1490585179','删除列表: 双方各啥','2017-03-27 11:26:19'),('admin','DM1490585180','删除列表: 师傅告诉','2017-03-27 11:26:20'),('admin','DM1490585183','删除列表: 阿道夫','2017-03-27 11:26:23'),('admin','DM1490585186','删除列表: 萨达','2017-03-27 11:26:26'),('admin','DM1490585188','删除列表: 爱的发送','2017-03-27 11:26:28'),('admin','DM1490585189','删除列表: 信息','2017-03-27 11:26:29'),('admin','DM1490585191','删除列表: 娃儿阿达阿发','2017-03-27 11:26:31'),('admin','DM1490585193','删除列表: 娃儿阿达','2017-03-27 11:26:33'),('admin','DM1490585195','删除列表: 娃儿','2017-03-27 11:26:35'),('admin','DM1490585197','删除列表: 玩儿玩儿','2017-03-27 11:26:37'),('admin','DM1490585202','删除列表: 怎么了','2017-03-27 11:26:42'),('admin','CM1490585364','创建列表: 阿萨','2017-03-27 11:29:24'),('admin','CM1490585378','创建列表: 萨','2017-03-27 11:29:38'),('admin','DM1490585382','删除列表: 萨','2017-03-27 11:29:42'),('admin','DM1490585384','删除列表: 阿萨','2017-03-27 11:29:44'),('admin','CM1490585389','创建列表: 阿达','2017-03-27 11:29:49'),('admin','CM1490585415','创建列表: 阿斯顿发','2017-03-27 11:30:15'),('admin','DM1490585666','删除列表: 阿斯顿发','2017-03-27 11:34:26'),('admin','DM1490585668','删除列表: 阿达','2017-03-27 11:34:28'),('admin','CM1490585678','创建列表: 算得上是多','2017-03-27 11:34:38'),('admin','CM1490585687','创建列表: 阿达','2017-03-27 11:34:47'),('admin','CM1490585698','创建列表: 爱的发送多发发','2017-03-27 11:34:58'),('admin','DM1490585708','删除列表: 爱的发送多发发','2017-03-27 11:35:08'),('admin','DM1490585710','删除列表: 阿达','2017-03-27 11:35:10'),('admin','DM1490585713','删除列表: 算得上是多','2017-03-27 11:35:13'),('admin','CM1490586121','创建列表: 阿斯顿发','2017-03-27 11:42:01'),('admin','DM1490586297','删除列表: 阿斯顿发','2017-03-27 11:44:57'),('admin','CM1490586307','创建列表: 否导出','2017-03-27 11:45:07'),('admin','CM1490586320','创建列表: 爱打球','2017-03-27 11:45:20'),('admin','CM1490586331','创建列表: 阿斯顿发2','2017-03-27 11:45:31'),('admin','CM1490586342','创建列表: 112啊啊非常大的','2017-03-27 11:45:42'),('admin','DM1490586348','删除列表: 112啊啊非常大的','2017-03-27 11:45:48'),('admin','DM1490586349','删除列表: 阿斯顿发2','2017-03-27 11:45:49'),('admin','DM1490586351','删除列表: 爱打球','2017-03-27 11:45:51'),('admin','DM1490586353','删除列表: 否导出','2017-03-27 11:45:53'),('admin','CM1490586364','创建列表: 阿萨是否','2017-03-27 11:46:04'),('admin','CM1490586383','创建列表: 完全二群','2017-03-27 11:46:23'),('admin','CM1490586396','创建列表: 交话费人头','2017-03-27 11:46:36'),('admin','CM1490586408','创建列表: 定时定时多','2017-03-27 11:46:48'),('admin','CM1490586427','创建列表: 幸福感和对方过后','2017-03-27 11:47:07'),('admin','CM1490586452','创建列表: 阿斯顿发斯蒂芬','2017-03-27 11:47:32'),('admin','CM1490589249','创建列表: 撒大声地发送','2017-03-27 12:34:09'),('admin','CM1490589259','创建列表: 阿恃多伐底','2017-03-27 12:34:19'),('admin','CM1490589271','创建列表: 发达','2017-03-27 12:34:31'),('admin','CM1490589283','创建列表: 爱的算法','2017-03-27 12:34:43'),('admin','DM1490589292','删除列表: 爱的算法','2017-03-27 12:34:52'),('admin','DM1490589294','删除列表: 发达','2017-03-27 12:34:54'),('admin','DM1490589295','删除列表: 阿恃多伐底','2017-03-27 12:34:55'),('admin','DM1490589297','删除列表: 撒大声地发送','2017-03-27 12:34:57'),('admin','DM1490589299','删除列表: 阿斯顿发斯蒂芬','2017-03-27 12:34:59'),('admin','DM1490589301','删除列表: 幸福感和对方过后','2017-03-27 12:35:01'),('admin','DM1490589303','删除列表: 定时定时多','2017-03-27 12:35:03'),('admin','DM1490589305','删除列表: 交话费人头','2017-03-27 12:35:05'),('admin','DM1490589307','删除列表: 完全二群','2017-03-27 12:35:07'),('admin','DM1490589308','删除列表: 阿萨是否','2017-03-27 12:35:08'),('admin','DM1490589310','删除列表: 洛杉矶捣蛋计划','2017-03-27 12:35:10'),('admin','CM1490592196','创建列表: 1984年','2017-03-27 01:23:16'),('admin','CM1490592220','创建列表: 庄稼还没收完','2017-03-27 01:23:40'),('admin','CM1490592251','创建列表: 蓝色的迪卡','2017-03-27 01:24:11'),('admin','CM1490592269','创建列表: 泪流不止','2017-03-27 01:24:29'),('admin','CM1490592287','创建列表: 1994年','2017-03-27 01:24:47'),('admin','CM1490592300','创建列表: 无法浮现','2017-03-27 01:25:00'),('admin','DM1490592305','删除列表: 无法浮现','2017-03-27 01:25:05'),('admin','DM1490592306','删除列表: 1994年','2017-03-27 01:25:06'),('admin','DM1490592308','删除列表: 泪流不止','2017-03-27 01:25:08'),('admin','DM1490592310','删除列表: 蓝色的迪卡','2017-03-27 01:25:10'),('admin','DM1490592312','删除列表: 庄稼还没收完','2017-03-27 01:25:12'),('admin','DM1490592314','删除列表: 1984年','2017-03-27 01:25:14'),('admin','CM1490593130','创建列表: 测试','2017-03-27 01:38:50'),('admin','CM1490593159','创建列表: 留下来的散文诗','2017-03-27 01:39:19'),('admin','DM1490593163','删除列表: 留下来的散文诗','2017-03-27 01:39:23'),('admin','DM1490593165','删除列表: 测试','2017-03-27 01:39:25'),('admin','CM1490597411','创建列表: 导出测试','2017-03-27 02:50:11'),('admin','DM1490597597','删除列表: 导出测试','2017-03-27 02:53:17'),('admin','CM1490597614','创建列表: 马小乐','2017-03-27 02:53:34'),('admin','DM1490597727','删除列表: 马小乐','2017-03-27 02:55:27'),('admin','CM1490597732','创建列表: 啊','2017-03-27 02:55:32'),('admin','DM1490597926','删除列表: 啊','2017-03-27 02:58:46'),('admin','CM1490597951','创建列表: 马小乐','2017-03-27 02:59:11'),('admin','DM1490598093','删除列表: 马小乐','2017-03-27 03:01:33'),('admin','CM1490600488','创建列表: 导出测试','2017-03-27 03:41:28'),('admin','DM1490600523','删除列表: 导出测试','2017-03-27 03:42:03'),('admin','CM1490600535','创建列表: 导出测试','2017-03-27 03:42:15'),('admin','DM1490600542','删除列表: 导出测试','2017-03-27 03:42:22'),('admin','CM1490600558','创建列表: 怎么搞得','2017-03-27 03:42:38'),('admin','DM1490600563','删除列表: 怎么搞得','2017-03-27 03:42:43'),('admin','CM1490600604','创建列表: 手动阀说','2017-03-27 03:43:24'),('admin','DM1490600610','删除列表: 手动阀说','2017-03-27 03:43:30'),('admin','CM1490600615','创建列表: 是是是','2017-03-27 03:43:35'),('admin','DM1490600633','删除列表: 是是是','2017-03-27 03:43:53'),('admin','CM1490600933','创建列表: 导出测试','2017-03-27 03:48:53'),('admin','DM1490600959','删除列表: 导出测试','2017-03-27 03:49:19'),('admin','CM1490601174','创建列表: 是是是','2017-03-27 03:52:54'),('admin','CM1490601187','创建列表: 收到','2017-03-27 03:53:07'),('admin','DM1490601193','删除列表: 收到','2017-03-27 03:53:13'),('admin','DM1490601195','删除列表: 是是是','2017-03-27 03:53:15'),('admin','CM1490602819','创建列表: 差枪走火','2017-03-27 04:20:19'),('admin','DM1490602825','删除列表: 差枪走火','2017-03-27 04:20:25'),('admin','CM1490603291','创建列表: shabi ','2017-03-27 04:28:11'),('admin','DM1490603305','删除列表: shabi ','2017-03-27 04:28:25'),('admin','CM1490603386','创建列表: 导出测试','2017-03-27 04:29:46'),('admin','DM1490603404','删除列表: 导出测试','2017-03-27 04:30:04'),('admin','CM1490603411','创建列表: 马小乐','2017-03-27 04:30:11'),('admin','DM1490603418','删除列表: 马小乐','2017-03-27 04:30:18'),('admin','CM1490603437','创建列表: 笨贼快跑','2017-03-27 04:30:37'),('admin','CM1490604159','创建列表: 阿达','2017-03-27 04:42:39'),('admin','DM1490604167','删除列表: 阿达','2017-03-27 04:42:47'),('admin','DM1490604170','删除列表: 笨贼快跑','2017-03-27 04:42:50'),('admin','CM1490604284','创建列表: 是是是','2017-03-27 04:44:44'),('admin','DM1490604300','删除列表: 是是是','2017-03-27 04:45:00'),('admin','CM1490604401','创建列表: 手动阀说','2017-03-27 04:46:41'),('admin','CM1490604415','创建列表: 阿斯顿','2017-03-27 04:46:55'),('admin','DM1490604422','删除列表: 阿斯顿','2017-03-27 04:47:02'),('admin','DM1490604424','删除列表: 手动阀说','2017-03-27 04:47:04'),('admin','CM1490605325','创建列表: 男','2017-03-27 05:02:05'),('admin','CM1490605471','创建列表: 啊啊啊大','2017-03-27 05:04:31'),('admin','DM1490605479','删除列表: 啊啊啊大','2017-03-27 05:04:39'),('admin','CM1490605486','创建列表: 阿达','2017-03-27 05:04:46'),('admin','DM1490605494','删除列表: 阿达','2017-03-27 05:04:54'),('admin','CM1490605512','创建列表: 阿斯顿','2017-03-27 05:05:12'),('admin','DM1490605518','删除列表: 阿斯顿','2017-03-27 05:05:18'),('admin','CM1490605531','创建列表: 是是是','2017-03-27 05:05:31'),('admin','DM1490605536','删除列表: 是是是','2017-03-27 05:05:36'),('admin','CM1490605567','创建列表: 撒','2017-03-27 05:06:07'),('admin','DM1490605573','删除列表: 撒','2017-03-27 05:06:13'),('admin','CM1490605611','创建列表: 旋转木马','2017-03-27 05:06:51'),('admin','DM1490605618','删除列表: 旋转木马','2017-03-27 05:06:58'),('admin','CM1490606011','创建列表: 北大荒','2017-03-27 05:13:31'),('admin','DM1490606019','删除列表: 北大荒','2017-03-27 05:13:39'),('admin','CM1490606029','创建列表: 副搜','2017-03-27 05:13:49'),('admin','DM1490606074','删除列表: 副搜','2017-03-27 05:14:34'),('admin','CM1490606092','创建列表: 布拉格广场','2017-03-27 05:14:52'),('admin','DM1490606099','删除列表: 布拉格广场','2017-03-27 05:14:59'),('admin','CM1490606110','创建列表: 布拉格广场','2017-03-27 05:15:10'),('admin','DM1490606115','删除列表: 布拉格广场','2017-03-27 05:15:15'),('admin','CM1490606122','创建列表: 每次都两个','2017-03-27 05:15:22'),('admin','DM1490606127','删除列表: 每次都两个','2017-03-27 05:15:27'),('admin','CM1490606134','创建列表: 这就好办了','2017-03-27 05:15:34'),('admin','DM1490606139','删除列表: 这就好办了','2017-03-27 05:15:39'),('admin','CM1490606148','创建列表: 又没有规律了','2017-03-27 05:15:48'),('admin','DM1490606153','删除列表: 又没有规律了','2017-03-27 05:15:53'),('admin','CM1490606286','创建列表: 啊啊','2017-03-27 05:18:06'),('admin','DM1490606291','删除列表: 啊啊','2017-03-27 05:18:11'),('admin','CM1490606352','创建列表: 啊啊啊','2017-03-27 05:19:12'),('admin','DM1490606364','删除列表: 啊啊啊','2017-03-27 05:19:24'),('admin','CM1490606408','创建列表: 撒','2017-03-27 05:20:08'),('admin','DM1490606413','删除列表: 撒','2017-03-27 05:20:13'),('admin','CM1490606523','创建列表: 飒飒','2017-03-27 05:22:03'),('admin','DM1490606532','删除列表: 飒飒','2017-03-27 05:22:12'),('admin','CM1490607077','创建列表: 很麻烦','2017-03-27 05:31:17'),('admin','DM1490607090','删除列表: 很麻烦','2017-03-27 05:31:30'),('admin','CM1490607099','创建列表: 存','2017-03-27 05:31:39'),('admin','CM1490607156','创建列表: 嘿嘿','2017-03-27 05:32:36'),('admin','CM1490607195','创建列表: 阿达','2017-03-27 05:33:15'),('admin','DM1490607208','删除列表: 阿达','2017-03-27 05:33:28'),('admin','DM1490607211','删除列表: 嘿嘿','2017-03-27 05:33:31'),('admin','DM1490607213','删除列表: 存','2017-03-27 05:33:33'),('admin','CM1490607351','创建列表: 算法','2017-03-27 05:35:51'),('admin','DM1490607358','删除列表: 算法','2017-03-27 05:35:58'),('admin','CM1490607445','创建列表: 规律','2017-03-27 05:37:25'),('admin','CM1490607457','创建列表: 没规律','2017-03-27 05:37:37'),('admin','CM1490607469','创建列表: 单页','2017-03-27 05:37:49'),('admin','CM1490607485','创建列表: 双页','2017-03-27 05:38:05'),('admin','DM1490607499','删除列表: 双页','2017-03-27 05:38:19'),('admin','CM1490607514','创建列表: 双页','2017-03-27 05:38:34'),('admin','DM1490607518','删除列表: 双页','2017-03-27 05:38:38'),('admin','CM1490607528','创建列表: 双页','2017-03-27 05:38:48'),('admin','DM1490607718','删除列表: 双页','2017-03-27 05:41:58'),('admin','DM1490607876','删除列表: 没规律','2017-03-27 05:44:36'),('admin','DM1490607878','删除列表: 规律','2017-03-27 05:44:38'),('admin','DM1490607880','删除列表: 单页','2017-03-27 05:44:40'),('admin','CM1490607891','创建列表: 三分钟搞定你','2017-03-27 05:44:51'),('admin','DM1490607912','删除列表: 三分钟搞定你','2017-03-27 05:45:12'),('admin','CM1490607922','创建列表: 让你挑','2017-03-27 05:45:22'),('admin','CM1490607933','创建列表: 让你跳','2017-03-27 05:45:33'),('admin','DM1490607956','删除列表: 让你跳','2017-03-27 05:45:56'),('admin','DM1490607961','删除列表: 让你挑','2017-03-27 05:46:01'),('admin','CM1490607982','创建列表: 让你跳','2017-03-27 05:46:22'),('admin','DM1490608034','删除列表: 让你跳','2017-03-27 05:47:14'),('admin','SM1490664477','下发列表:小周测试2','2017-03-28 09:27:57'),('admin','SM1490664483','下发列表:小周测试2','2017-03-28 09:28:03'),('admin','SM1490664497','下发列表:如此美好','2017-03-28 09:28:17'),('admin','SM1490664503','下发列表:男','2017-03-28 09:28:23'),('admin','SM1490664589','下发列表:夺命枪火','2017-03-28 09:29:49'),('admin','SM1490664598','下发列表:床下有单身','2017-03-28 09:29:58'),('admin','DM1490664665','删除列表: 男','2017-03-28 09:31:05'),('admin','SM1490664672','下发列表:邻家美男团','2017-03-28 09:31:12'),('admin','CM1490664688','创建列表: 打算','2017-03-28 09:31:28'),('admin','DM1490664692','删除列表: 打算','2017-03-28 09:31:32'),('admin','SM1490664923','下发列表:伦敦陷落','2017-03-28 09:35:23'),('admin','SM1490665151','下发列表:夺命枪火','2017-03-28 09:39:11'),('admin','CM1490665158','创建列表: 收到','2017-03-28 09:39:18'),('admin','SM1490665167','下发列表:收到','2017-03-28 09:39:27'),('admin','DM1490665715','删除列表: 收到','2017-03-28 09:48:35'),('admin','SM1490665722','下发列表:邻家美男团','2017-03-28 09:48:42'),('admin','SM1490665728','下发列表:邻家美男团','2017-03-28 09:48:48'),('admin','SM1490665908','下发列表:邻家美男团','2017-03-28 09:51:48'),('admin','SM1490665918','下发列表:邻家美男团','2017-03-28 09:51:58'),('admin','SM1490666798','下发列表:邻家美男团','2017-03-28 10:06:38'),('admin','SM1490666988','下发列表:床下有单身','2017-03-28 10:09:48'),('admin','CM1490667091','创建列表: 哥斯拉','2017-03-28 10:11:31'),('admin','SM1490667097','下发列表:哥斯拉','2017-03-28 10:11:37'),('admin','CM1490667661','创建列表: 阿斯顿发','2017-03-28 10:21:01'),('admin','DM1490667669','删除列表: 阿斯顿发','2017-03-28 10:21:09'),('admin','CM1490668543','创建列表: 阿斯顿发','2017-03-28 10:35:43'),('admin','DM1490668550','删除列表: 阿斯顿发','2017-03-28 10:35:50'),('admin','CM1490668563','创建列表: 置为遇到你','2017-03-28 10:36:03'),('admin','DM1490668567','删除列表: 置为遇到你','2017-03-28 10:36:07'),('admin','CM1490668575','创建列表: 出现','2017-03-28 10:36:15'),('admin','DM1490669893','删除列表: 出现','2017-03-28 10:58:13'),('admin','CM1490669900','创建列表: 阿斯顿发','2017-03-28 10:58:20'),('admin','CM1490669915','创建列表: 撒啊啊','2017-03-28 10:58:35'),('admin','CM1490669933','创建列表: 飒飒','2017-03-28 10:58:53'),('admin','CM1490669946','创建列表: 第三页','2017-03-28 10:59:06'),('admin','DM1490669952','删除列表: 第三页','2017-03-28 10:59:12'),('admin','DM1490669954','删除列表: 飒飒','2017-03-28 10:59:14'),('admin','DM1490669956','删除列表: 撒啊啊','2017-03-28 10:59:16'),('admin','DM1490669958','删除列表: 阿斯顿发','2017-03-28 10:59:18'),('admin','CM1490670107','创建列表: SaaS','2017-03-28 11:01:47'),('admin','CM1490670121','创建列表: 是谁啊','2017-03-28 11:02:01'),('admin','CM1490670135','创建列表: 啊啊s','2017-03-28 11:02:15'),('admin','DM1490670140','删除列表: 啊啊s','2017-03-28 11:02:20'),('admin','DM1490670142','删除列表: 是谁啊','2017-03-28 11:02:22'),('admin','DM1490670144','删除列表: SaaS','2017-03-28 11:02:24'),('admin','DM1490670199','删除列表: 哥斯拉','2017-03-28 11:03:19'),('admin','CM1490670229','创建列表: 夜歌','2017-03-28 11:03:49'),('admin','DM1490670236','删除列表: 夜歌','2017-03-28 11:03:56'),('admin','CM1490670266','创建列表: 夜歌','2017-03-28 11:04:26'),('admin','CM1490671529','创建列表: 不靠谱','2017-03-28 11:25:29'),('admin','DM1490671538','删除列表: 不靠谱','2017-03-28 11:25:38'),('','CM1490676498','创建列表: 飞鹰艾迪','2017-03-28 12:48:18'),('admin','CM1490676576','创建列表: 青蛙王国','2017-03-28 12:49:36'),('admin','CM1490676970','创建列表: 高跟鞋先生','2017-03-28 12:56:10'),('admin','CM1490694283','创建列表: 野马','2017-03-28 05:44:43'),('admin','DM1490694937','删除列表: 野马','2017-03-28 05:55:37'),('admin','CM1490694995','创建列表: 哎呀','2017-03-28 05:56:35'),('admin','CM1490752061','创建列表: 失常','2017-03-29 09:47:41'),('admin','CM1490756934','创建列表: 2点不了','2017-03-29 11:08:54'),('admin','SM1490756956','下发列表:2点不了','2017-03-29 11:09:16'),('admin','CM1490758888','创建列表: 歌曲改编人生','2017-03-29 11:41:28'),('admin','DM1490764400','删除列表: 歌曲改编人生','2017-03-29 01:13:20'),('admin','CM1490764411','创建列表: 没有3','2017-03-29 01:13:31'),('admin','SM1490764419','下发列表:没有3','2017-03-29 01:13:39'),('admin','CM1490766515','创建列表: 火锅英雄','2017-03-29 01:48:35'),('admin','CM1490767016','创建列表: 猫林中漫步','2017-03-29 01:56:56'),('admin','SM1490768495','下发列表:火锅英雄','2017-03-29 02:21:35'),('admin','SM1490771746','下发列表:猫林中漫步','2017-03-29 03:15:46'),('admin','SM1490835896','下发列表:火锅英雄','2017-03-30 09:04:56'),('admin','SM1490836365','下发列表:飞鹰艾迪','2017-03-30 09:12:45'),('admin','SM1490836395','下发列表:小周测试2','2017-03-30 09:13:15'),('admin','SM1490836412','下发列表:高跟鞋先生','2017-03-30 09:13:32'),('admin','CM1490837334','创建列表: 测试','2017-03-30 09:28:54'),('admin','CM1490837404','创建列表: 拳霸天下','2017-03-30 09:30:04'),('','CM1490844109','创建列表: 恐怖禁忌','2017-03-30 11:21:49'),('admin','CM1490857129','创建列表: 12322222222222222222222222222222222222222222222','2017-03-30 02:58:49'),('admin','CM1490857139','创建列表: 12322222222222222222222222222222222222222222222','2017-03-30 02:58:59'),('admin','DM1490857156','删除列表: 小周测试2','2017-03-30 02:59:16'),('admin','DM1490857161','删除列表: 男神抱抱','2017-03-30 02:59:21'),('admin','CM1490857187','创建列表: 22222222222222222222222222222','2017-03-30 02:59:47'),('admin','CM1490857313','创建列表: 11111111111111111111111111111','2017-03-30 03:01:53'),('admin','CM1490857329','创建列表: 555555555555555555555555555555555555555555555555555555','2017-03-30 03:02:09'),('admin','DM1490857334','删除列表: 11111111111111111111111111111','2017-03-30 03:02:14'),('admin','DM1490857337','删除列表: 22222222222222222222222222222','2017-03-30 03:02:17'),('admin','CM1490857377','创建列表: 11111111111111111111111111111111111111','2017-03-30 03:02:57'),('admin','DM1490857409','删除列表: 11111111111111111111111111111111111111','2017-03-30 03:03:29'),('admin','CM1490857433','创建列表: 3333333333333333','2017-03-30 03:03:53'),('admin','SM1490857442','下发列表:3333333333333333','2017-03-30 03:04:02'),('admin','CM1490857807','创建列表: 傻蛋先生的日记本','2017-03-30 03:10:07'),('admin','DM1490857825','删除列表: 3333333333333333','2017-03-30 03:10:25'),('admin','CM1490857841','创建列表: 傻蛋先生的日记啊','2017-03-30 03:10:41'),('admin','DM1490857870','删除列表: 傻蛋先生的日记啊','2017-03-30 03:11:10'),('admin','DM1490857872','删除列表: 傻蛋先生的日记本','2017-03-30 03:11:12'),('admin','CM1490857881','创建列表: 傻蛋先生的日记','2017-03-30 03:11:21'),('admin','CM1490857890','创建列表: 傻蛋先生的日志','2017-03-30 03:11:30'),('admin','DM1490857905','删除列表: 傻蛋先生的日志','2017-03-30 03:11:45'),('admin','DM1490857907','删除列表: 傻蛋先生的日记','2017-03-30 03:11:47'),('admin','CM1490857924','创建列表: 山丹丹花开红','2017-03-30 03:12:04'),('admin','CM1490857940','创建列表: 绿油油呵呵啦','2017-03-30 03:12:20'),('admin','CM1490857959','创建列表: 暗示法鞍山市','2017-03-30 03:12:39'),('admin','DM1490857964','删除列表: 测试','2017-03-30 03:12:44'),('admin','DM1490857969','删除列表: 没有3','2017-03-30 03:12:49'),('admin','DM1490857973','删除列表: 2点不了','2017-03-30 03:12:53'),('admin','DM1490857977','删除列表: 哎呀','2017-03-30 03:12:57'),('admin','CM1490857986','创建列表: 阿萨阿萨是啊','2017-03-30 03:13:06'),('admin','CM1490857994','创建列表: 电饭锅是多少','2017-03-30 03:13:14'),('admin','CM1490858001','创建列表: 是的撒艾弗森','2017-03-30 03:13:21'),('admin','CM1490858019','创建列表: 啊发顺丰按时','2017-03-30 03:13:39'),('admin','CM1490858028','创建列表: 萨达大大所无','2017-03-30 03:13:48'),('admin','DM1490858037','删除列表: 床下有单身','2017-03-30 03:13:57'),('admin','CM1490858046','创建列表: 按时大大东方','2017-03-30 03:14:06'),('admin','CM1490858062','创建列表: 阿萨啊啊飒飒','2017-03-30 03:14:22'),('admin','DM1490858069','删除列表: 飞鹰艾迪','2017-03-30 03:14:29'),('admin','CM1490858075','创建列表: 西安市大飒飒','2017-03-30 03:14:35'),('admin','DM1490858112','删除列表: 电饭锅是多少','2017-03-30 03:15:12'),('admin','DM1490858114','删除列表: 阿萨阿萨是啊','2017-03-30 03:15:14'),('admin','DM1490858115','删除列表: 绿油油呵呵啦','2017-03-30 03:15:15'),('admin','DM1490858117','删除列表: 山丹丹花开红','2017-03-30 03:15:17'),('admin','DM1490858119','删除列表: 是的撒艾弗森','2017-03-30 03:15:19'),('admin','DM1490858121','删除列表: 啊发顺丰按时','2017-03-30 03:15:21'),('admin','DM1490858123','删除列表: 按时大大东方','2017-03-30 03:15:23'),('admin','DM1490858125','删除列表: 西安市大飒飒','2017-03-30 03:15:25'),('admin','CM1490858219','创建列表: 阿萨水电费','2017-03-30 03:16:59'),('admin','DM1490858223','删除列表: 阿萨水电费','2017-03-30 03:17:03'),('','CM1490865997','创建列表: 修改测试','2017-03-30 05:26:37'),('','CM1490868756','创建列表: 阿斯达斯','2017-03-30 06:12:36'),('admin','SM1490870296','下发列表:拳霸天下','2017-03-30 06:38:16'),('admin','SM1490870304','下发列表:猫林中漫步','2017-03-30 06:38:24'),('admin','SM1490870323','下发列表:恐怖禁忌','2017-03-30 06:38:43'),('admin','SM1490876622','下发列表:青蛙王国','2017-03-30 08:23:42'),('admin','SM1490876653','下发列表:阿斯达斯','2017-03-30 08:24:13'),('admin','SM1490923245','下发列表:阿斯达斯','2017-03-31 09:20:45'),('','SM1490925447','下发列表:火锅英雄','2017-03-31 09:57:27'),('','SM1490925453','下发列表:火锅英雄','2017-03-31 09:57:33'),('','DM1490925468','删除列表: 阿斯达斯','2017-03-31 09:57:48'),('admin','CM1490925525','创建列表: 注册','2017-03-31 09:58:45'),('admin','DM1490925530','删除列表: 注册','2017-03-31 09:58:50'),('admin','SM1490929025','下发列表:修改测试','2017-03-31 10:57:05'),('admin','CM1490933267','创建列表: xuh1','2017-03-31 12:07:47'),('admin','CM1490933305','创建列表: xuh2','2017-03-31 12:08:25'),('admin','SM1490939628','下发列表:xuh2','2017-03-31 01:53:48'),('admin','CM1491022441','创建列表: 操作日志','2017-04-01 12:54:01'),('admin','DM1491022462','删除列表: 操作日志','2017-04-01 12:54:22'),('admin','CM1491025761','创建列表: 测试操作日志','2017-04-01 13:49:21'),('admin','DM1491025777','删除列表: 测试操作日志','2017-04-01 13:49:37'),('admin','DM1491026884','删除列表: xuh1','2017-04-01 14:08:04');
/*!40000 ALTER TABLE `server_opera_log` ENABLE KEYS */;
UNLOCK TABLES;

--
-- Table structure for table `submitedlist`
--

DROP TABLE IF EXISTS `submitedlist`;
/*!40101 SET @saved_cs_client     = @@character_set_client */;
/*!40101 SET character_set_client = utf8 */;
CREATE TABLE `submitedlist` (
  `deviceid` varchar(64) NOT NULL,
  `file_name` varchar(64) NOT NULL,
  `id` varchar(64) NOT NULL,
  `list_name` varchar(64) NOT NULL
) ENGINE=InnoDB DEFAULT CHARSET=utf8;
/*!40101 SET character_set_client = @saved_cs_client */;

--
-- Dumping data for table `submitedlist`
--

LOCK TABLES `submitedlist` WRITE;
/*!40000 ALTER TABLE `submitedlist` DISABLE KEYS */;
INSERT INTO `submitedlist` VALUES ('0012408e2000','邻家美男团','42','跟别人睡了2'),('0012408e2000','如此美好','50','跟别人睡了2'),('0012408e2000','跟别人睡了','65','跟别人睡了2'),('0012408e2000','单身男女2','47','跟别人睡了2'),('0012408e2000','同城邂逅','26','跟别人睡了2'),('0012408e2000','谁的青春不迷茫','14','跟别人睡了2'),('0040ca99a270','床下有人3','29','3333333333333333'),('0040ca99a270','高跟鞋先生','39','3333333333333333'),('0040ca99a270','出棋制胜','45','3333333333333333'),('0040ca99a270','冬荫功2：拳霸天下','46','3333333333333333'),('0040ca99a270','碟中谍5：神秘国度','58','3333333333333333'),('0040ca99a270','安妮：纽约奇缘','52','3333333333333333'),('0040ca99a270','单亲度假村','55','3333333333333333'),('0040ca99a270','丹麦女孩','62','3333333333333333'),('0040ca99a270','大空头','67','3333333333333333'),('0040ca99a270','单身男女2','47','3333333333333333'),('0040ca99a270','德古拉元年','48','3333333333333333'),('0040ca99a270','蝙蝠侠大战超人：正义黎明','34','3333333333333333'),('0040ca99a270','爱丽丝梦游仙境2：镜中奇遇记','24','3333333333333333'),('0040ca99a270','笨贼别跑','33','3333333333333333'),('0040ca99a270','福尔摩斯先生','73','3333333333333333'),('0040ca99a270','地狱医院','51','3333333333333333'),('0012408e369b','卡罗尔','69','xuh2'),('0012408e369b','大空头','67','xuh2'),('0012408e369b','失常','72','xuh2'),('0012408e369b','一念天堂','5','xuh2');
/*!40000 ALTER TABLE `submitedlist` ENABLE KEYS */;
UNLOCK TABLES;

--
-- Table structure for table `terminal_play_log`
--

DROP TABLE IF EXISTS `terminal_play_log`;
/*!40101 SET @saved_cs_client     = @@character_set_client */;
/*!40101 SET character_set_client = utf8 */;
CREATE TABLE `terminal_play_log` (
  `deviceid` varchar(64) NOT NULL,
  `id` varchar(64) NOT NULL,
  `file_name` varchar(64) NOT NULL,
  `play_start` varchar(64) DEFAULT NULL,
  `play_end` varchar(64) DEFAULT NULL,
  `time` varchar(64) DEFAULT NULL,
  `username` varchar(64) DEFAULT NULL,
  `video_type` varchar(64) DEFAULT NULL
) ENGINE=InnoDB DEFAULT CHARSET=utf8;
/*!40101 SET character_set_client = @saved_cs_client */;

--
-- Dumping data for table `terminal_play_log`
--

LOCK TABLES `terminal_play_log` WRITE;
/*!40000 ALTER TABLE `terminal_play_log` DISABLE KEYS */;
INSERT INTO `terminal_play_log` VALUES ('0012408e369b','16','X战警：天启','2017-03-16 09:30:57','2017-03-16 09:31:15','8637','秦孝公','2D'),('0012408e369b','16','X战警：天启','2017-03-16 09:40:20','2017-03-16 10:07:30','2小时24分57秒','秦孝公','2D'),('0012408e369b','16','X战警：天启','2017-03-16 10:06:53','2017-03-16 10:07:30','2小时24分57秒','秦孝公','2D'),('0012408e369b','9','青蛙总动员','2017-03-16 10:08:38','2017-03-16 10:09:13','1小时13分32秒','秦孝公','2D'),('0012408e369b','60','致我们终将到来的爱情','2017-03-16 10:15:48','2017-03-16 10:16:12','2小时30分7秒','秦孝公','2D'),('0012408e369b','48','德古拉元年','2017-03-16 10:17:00','2017-03-16 10:17:37','2小时32分8秒','秦孝公','2D'),('0012408e369b','66','魔法教师','2017-03-16 10:18:29','2017-03-16 10:20:09','1小时26分30秒','秦孝公','2D'),('0012408e369b','63','奎迪_金牌拳手_洛奇7','2017-03-16 10:20:14','2017-03-16 10:21:19','2小时13分10秒','秦孝公','2D'),('0012408e369b','49','实验者','2017-03-16 10:21:49','2017-03-16 10:22:35','2小时34分14秒','秦孝公','2D'),('0012408e369b','41','猫的葬礼','2017-03-16 10:22:42','2017-03-16 10:24:06','2小时47分1秒','秦孝公','2D'),('0012408e369b','47','单身男女2','2017-03-16 10:24:25','2017-03-16 10:25:32','2小时53分13秒','秦孝公','2D'),('0012408e369b','63','奎迪_金牌拳手_洛奇7','2017-03-16 10:25:47','2017-03-16 10:26:38','2小时13分10秒','秦孝公','2D'),('0012408e369b','48','德古拉元年','2017-03-16 10:33:36','2017-03-16 10:46:58','2小时32分8秒','秦孝公','2D'),('0012408e369b','65','跟别人睡了','2017-03-16 10:47:05','2017-03-16 10:50:19','2小时41分15秒','秦孝公','2D'),('0012408e369b','65','跟别人睡了','2017-03-16 10:55:09','2017-03-16 10:56:17','2小时41分15秒','秦孝公','2D'),('0012408e369b','33','笨贼别跑','2017-03-16 10:56:28','2017-03-16 14:54:36','1小时30分38秒','秦孝公','2D'),('0012408e369b','33','笨贼别跑','2017-03-16 14:46:25','2017-03-16 14:54:36','1小时30分38秒','秦孝公','2D'),('0012408e369b','65','跟别人睡了','2017-03-16 15:27:25','2017-03-16 15:28:01','2小时41分15秒','秦孝公','2D'),('0012408e369b','65','跟别人睡了','2017-03-16 15:29:10','2017-03-16 15:29:54','2小时41分15秒','秦孝公','2D'),('0012408e369b','9','青蛙总动员','2017-03-16 15:30:32','2017-03-16 15:31:03','1小时13分32秒','秦孝公','2D'),('0012408e369b','9','青蛙总动员','2017-03-16 18:14:11','2017-03-16 18:15:33','1小时13分32秒','秦孝公','2D'),('0012408e369b','9','青蛙总动员','2017-03-17 09:45:21','2017-03-17 09:45:56','1小时13分32秒','秦孝公','2D'),('0012408e369b','9','青蛙总动员','2017-03-17 10:10:43','2017-03-17 10:56:05','1小时13分32秒','秦孝公','2D'),('0012408e369b','9','青蛙总动员','2017-03-17 11:13:20','2017-03-17 11:13:53','1小时13分32秒','秦孝公','2D'),('0012408e369b','9','青蛙总动员','2017-03-17 11:14:23','2017-03-17 11:15:06','1小时13分32秒','秦孝公','2D'),('0012408e369b','9','青蛙总动员','2017-03-17 11:16:21','2017-03-17 11:16:40','1小时13分32秒','秦孝公','2D'),('0012408e369b','63','奎迪_金牌拳手_洛奇7','2017-03-17 11:26:08','2017-03-17 11:26:39','2小时13分10秒','秦孝公','2D'),('0012408e369b','66','魔法教师','2017-03-17 11:27:46','2017-03-17 11:28:44','1小时26分30秒','秦孝公','2D'),('0012408e369b','66','魔法教师','2017-03-17 11:38:07','2017-03-17 11:38:16','1小时26分30秒','秦孝公','2D'),('0012408e369b','63','奎迪_金牌拳手_洛奇7','2017-03-17 11:38:43','2017-03-17 11:39:27','2小时13分10秒','秦孝公','2D'),('0012408e2000','53','泰迪熊2','2017-03-17 11:42:23','2017-03-17 11:42:46','2小时56分32秒','秦孝公','2D'),('0012408e2000','48','德古拉元年','2017-03-17 11:43:07','2017-03-17 11:43:22','2小时32分8秒','秦孝公','2D'),('0012408e2000','53','泰迪熊2','2017-03-17 11:45:41','2017-03-17 11:56:53','2小时56分32秒','秦孝公','2D'),('0012408e2000','53','泰迪熊2','2017-03-17 11:47:51','2017-03-17 11:56:53','2小时56分32秒','秦孝公','2D'),('0012408e2000','53','泰迪熊2','2017-03-17 12:11:39','2017-03-17 12:11:50','2小时56分32秒','秦孝公','2D'),('0012408e2000','47','单身男女2','2017-03-17 12:27:48','2017-03-17 12:30:29','2小时53分13秒','秦孝公','2D'),('0012408e2000','65','跟别人睡了','2017-03-17 12:31:00','2017-03-17 12:32:38','2小时41分15秒','秦孝公','2D'),('0012408e2000','8213','云中行走(3D)','2017-03-17 12:52:10','2017-03-17 12:52:27','0小时0分0秒','秦孝公','2D'),('0012408e369b','66','魔法教师','2017-03-17 14:46:11','2017-03-17 14:47:04','1小时26分30秒','秦孝公','2D'),('0012408e369b','63','奎迪_金牌拳手_洛奇7','2017-03-17 14:47:11','2017-03-17 15:11:37','2小时13分10秒','秦孝公','2D'),('0012408e369b','64','火锅英雄','2017-03-17 15:15:43','2017-03-17 15:33:46','2小时39分45秒','秦孝公','2D'),('0012408e369b','64','火锅英雄','2017-03-17 17:08:47','2017-03-17 17:46:24','2小时39分45秒','秦孝公','2D'),('0012408e369b','28','女汉子真爱公式','2017-03-17 17:47:12','2017-03-17 17:59:49','2小时33分56秒','秦孝公','2D'),('0012408e369b','3','男神抱抱','2017-03-17 18:27:27','2017-03-17 19:21:24','2小时34分7秒','秦孝公','2D'),('0012408e369b','4','恐怖照相机','2017-03-17 19:21:30','2017-03-17 20:46:19','1小时25分47秒','秦孝公','2D'),('0012408e369b','7','谎言大爆炸','2017-03-18 14:57:57','2017-03-18 14:58:03','1小时24分11秒','秦孝公','2D'),('0012408e2000','9739','夺路而逃','2017-03-17 19:21:20','2017-03-17 21:00:11','0小时0分0秒','秦孝公','2D'),('0012408e2000','29','床下有人3','2017-03-18 15:18:41','2017-03-18 15:19:35','1小时28分45秒','秦孝公','2D'),('0012408e2000','29','床下有人3','2017-03-18 15:18:46','2017-03-18 15:19:35','1小时28分45秒','秦孝公','2D'),('0012408e369b','10','马小乐之玩具也疯狂','2017-03-18 16:01:23','2017-03-18 16:02:38','1小时17分33秒','秦孝公','2D'),('0012408e369b','14','谁的青春不迷茫','2017-03-18 16:06:53','2017-03-18 16:07:19','2小时48分15秒','','2D'),('0012408e369b','3','男神抱抱','2017-03-18 16:10:03','2017-03-18 16:11:43','2小时34分7秒','','2D'),('0012408e369b','48','德古拉元年','2017-03-18 16:56:45','2017-03-18 16:57:07','2小时32分8秒','','2D'),('0012408e369b','47','单身男女2','2017-03-18 16:58:18','2017-03-18 16:58:35','2小时53分13秒','','2D'),('0012408e369b','48','德古拉元年','2017-03-18 18:07:52','2017-03-18 18:08:22','2小时32分8秒','','2D'),('0012408e369b','49','实验者','2017-03-18 18:13:12','2017-03-18 18:13:25','2小时34分14秒','','2D'),('0012408e369b','66','魔法教师','2017-03-18 18:16:26','2017-03-18 18:16:40','1小时26分30秒','','2D'),('0012408e369b','48','德古拉元年','2017-03-20 09:40:11','2017-03-20 10:23:44','2小时32分8秒','嬴政','2D'),('0012408e369b','48','德古拉元年','2017-03-20 10:38:05','2017-03-20 10:54:05','2小时32分8秒','嬴政','2D'),('0012408e369b','49','实验者','2017-03-20 10:55:07','2017-03-20 11:33:30','2小时34分14秒','嬴政','2D'),('0012408e369b','59','模仿游戏','2017-03-20 11:33:32','2017-03-20 11:34:03','2小时54分13秒','嬴政','2D'),('0012408e369b','51','地狱医院','2017-03-20 11:34:38','2017-03-20 13:27:20','2小时53分40秒','嬴政','2D'),('0012408e369b','74','伦敦陷落','2017-03-20 16:22:45','2017-03-20 16:23:21','2小时38分24秒','嬴政','2D'),('0012408e369b','74','伦敦陷落','2017-03-20 16:24:04','2017-03-20 16:24:32','2小时38分24秒','嬴政','2D'),('0012408e369b','69','卡罗尔','2017-03-20 17:07:41','2017-03-20 17:08:10','2小时59分50秒','嬴政','2D'),('0012408e369b','69','卡罗尔','2017-03-20 17:20:27','2017-03-20 17:20:45','2小时59分50秒','嬴政','2D'),('0012408e369b','74','伦敦陷落','2017-03-20 17:23:21','2017-03-20 17:23:56','2小时38分24秒','嬴政','2D'),('0012408e2000','40','林中漫步','2017-03-20 21:20:49','2017-03-20 21:21:12','0小时0分0秒','嬴政','2D'),('0012408e2000','60','致我们终将到来的爱情','2017-03-20 21:22:06','2017-03-20 21:22:14','2小时30分7秒','嬴政','2D'),('0012408e2000','60','致我们终将到来的爱情','2017-03-20 21:22:22','2017-03-20 21:22:29','2小时30分7秒','嬴政','2D'),('0012408e369b','69','卡罗尔','2017-03-20 21:11:15','2017-03-20 21:58:53','2小时59分50秒','嬴政','2D'),('0012408e2000','65','跟别人睡了','2017-03-20 21:22:49','2017-03-20 21:59:00','2小时41分15秒','嬴政','2D'),('0012408e2000','28','女汉子真爱公式','2017-03-20 22:06:34','2017-03-20 22:06:42','2小时33分56秒','嬴政','2D'),('0012408e2000','43','迷失1971','2017-03-20 22:06:48','2017-03-20 22:08:12','0小时0分0秒','嬴政','2D'),('0012408e369b','74','伦敦陷落','2017-03-20 22:08:17','2017-03-20 23:46:42','2小时38分24秒','嬴政','2D'),('0012408e2000','40','林中漫步','2017-03-20 22:08:21','2017-03-20 23:53:01','0小时0分0秒','嬴政','2D'),('0012408e369b','47','单身男女2','2017-03-21 10:05:49','2017-03-21 10:06:18','2小时53分13秒','嬴政','2D'),('0012408e369b','29','床下有人3','2017-03-21 10:12:51','2017-03-21 10:13:16','1小时28分45秒','嬴政','2D'),('0012408e369b','52','安妮：纽约奇缘','2017-03-21 10:14:29','2017-03-21 10:14:48','0小时0分0秒','嬴政','2D'),('0012408e369b','43','迷失1971','2017-03-21 10:26:41','2017-03-21 10:27:07','0小时0分0秒','','2D'),('0012408e369b','47','单身男女2','2017-03-21 11:24:35','2017-03-21 11:42:30','2小时53分13秒','','2D'),('0012408e369b','51','地狱医院','2017-03-21 11:42:50','2017-03-21 11:45:13','2小时53分40秒','','2D'),('0012408e2000','56','歌曲改变人生','2017-03-21 10:48:57','2017-03-21 11:58:20','0小时0分0秒','','2D'),('0012408e369b','52','安妮：纽约奇缘','2017-03-21 13:33:10','2017-03-21 13:33:41','0小时0分0秒','','2D'),('0012408e369b','43','迷失1971','2017-03-21 13:39:09','2017-03-21 13:39:21','0小时0分0秒','','2D'),('0012408e369b','51','地狱医院','2017-03-21 13:45:29','2017-03-21 13:45:45','2小时53分40秒','','2D'),('0012408e369b','50','如此美好','2017-03-21 13:46:37','2017-03-21 13:47:07','0小时0分0秒','','2D'),('0012408e369b','48','德古拉元年','2017-03-21 13:47:53','2017-03-21 13:48:08','2小时32分8秒','','2D'),('0012408e2000','65','跟别人睡了','2017-03-21 12:08:05','2017-03-21 13:49:21','2小时41分15秒','','2D'),('0012408e369b','9','青蛙总动员','2017-03-21 13:49:25','2017-03-21 13:49:41','1小时13分32秒','','2D'),('0012408e369b','54','哥斯拉','2017-03-21 14:15:06','2017-03-21 14:15:38','0小时0分0秒','','2D'),('0012408e369b','55','单亲度假村','2017-03-21 14:31:54','2017-03-21 14:32:13','0小时0分0秒','','2D'),('0012408e369b','60','致我们终将到来的爱情','2017-03-21 14:37:50','2017-03-21 14:38:22','2小时30分7秒','','2D'),('0012408e369b','60','致我们终将到来的爱情','2017-03-21 15:06:32','2017-03-21 15:06:44','2小时30分7秒','','2D'),('0012408e2000','50','如此美好','2017-03-21 19:44:31','2017-03-21 19:44:49','0小时0分0秒','admin','2D'),('0012408e2000','48','德古拉元年','2017-03-21 22:25:44','2017-03-21 22:27:00','2小时32分8秒','admin','2D'),('0012408e369b','60','致我们终将到来的爱情','2017-03-21 22:59:15','2017-03-22 00:29:24','2小时30分7秒','admin','2D'),('0012408e369b','60','致我们终将到来的爱情','2017-03-22 10:22:22','2017-03-22 10:23:01','2小时30分7秒','admin','2D'),('0012408e369b','60','致我们终将到来的爱情','2017-03-22 10:32:05','2017-03-22 10:32:36','2小时30分7秒','终端用户','2D'),('0012408e369b','60','致我们终将到来的爱情','2017-03-22 10:51:19','2017-03-22 12:21:29','2小时30分7秒','终端用户','2D'),('0012408e369b','60','致我们终将到来的爱情','2017-03-22 13:00:54','2017-03-22 14:31:03','2小时30分7秒','admin','2D'),('0012408e2000','48','德古拉元年','2017-03-22 18:39:14','2017-03-22 18:39:31','2小时32分8秒','终端用户','2D'),('0012408e2000','50','如此美好','2017-03-22 19:44:37','2017-03-22 19:44:46','2小时2分16秒','终端用户','2D'),('0012408e2000','48','德古拉元年','2017-03-22 19:44:54','2017-03-22 19:48:49','2小时32分8秒','终端用户','2D'),('0012408e2000','9739','夺路而逃','2017-03-23 14:52:01','2017-03-23 14:52:56','0小时0分0秒','终端用户','2D'),('0012408e2000','47','单身男女2','2017-03-23 16:55:42','2017-03-23 16:56:02','2小时53分13秒','终端用户','2D'),('0012408e2000','5','一念天堂','2017-03-23 17:17:19','2017-03-23 17:20:07','2小时37分16秒','终端用户','2D'),('0012408e2000','5','一念天堂','2017-03-23 17:22:34','2017-03-23 17:22:42','2小时37分16秒','终端用户','2D'),('0012408e2000','5','一念天堂','2017-03-23 17:42:17','2017-03-23 17:42:24','2小时37分16秒','终端用户','2D'),('0012408e2000','47','单身男女2','2017-03-23 17:42:43','2017-03-23 17:42:52','2小时53分13秒','终端用户','2D'),('0012408e2000','5','一念天堂','2017-03-23 17:42:57','2017-03-23 18:01:38','2小时37分16秒','终端用户','2D'),('0012408e2000','5','一念天堂','2017-03-23 18:01:55','2017-03-23 18:05:39','2小时37分16秒','终端用户','2D'),('0012408e2000','47','单身男女2','2017-03-23 18:30:44','2017-03-23 18:51:44','2小时53分13秒','终端用户','2D'),('0012408e2000','47','单身男女2','2017-03-23 22:09:01','2017-03-24 00:02:17','2小时53分13秒','终端用户','2D'),('0012408e369b','9739','夺路而逃','2017-03-24 11:41:19','2017-03-24 13:20:13','0小时0分0秒','终端用户','2D'),('0012408e369b','9911','我爸比我小四岁','2017-03-24 13:20:43','2017-03-24 14:53:59','0小时0分0秒','终端用户','2D'),('0012408e369b','9739','夺路而逃','2017-03-24 16:47:16','2017-03-24 18:26:11','0小时0分0秒','终端用户','2D'),('0012408e369b','9739','夺路而逃','2017-03-24 19:38:58','2017-03-27 09:28:04','0小时0分0秒','终端用户','2D'),('0012408e369b','62','丹麦女孩','2017-03-27 09:29:32','2017-03-27 09:30:07','2小时60分37秒','admin','2D'),('0012408e369b','16','X战警：天启','2017-03-27 09:50:41','2017-03-27 09:55:25','2小时24分57秒','admin','2D'),('0012408e369b','50','如此美好','2017-03-27 11:05:37','2017-03-27 11:05:50','2小时2分16秒','admin','2D'),('0012408e369b','50','如此美好','2017-03-28 09:33:24','2017-03-28 09:34:10','2小时2分16秒','终端用户','2D'),('0012408e369b','42','邻家美男团','2017-03-28 10:07:43','2017-03-28 10:09:17','2小时57分46秒','admin','2D'),('0012408e369b','54','哥斯拉','2017-03-28 10:11:42','2017-03-28 11:03:03','2小时3分7秒','admin','2D'),('0040ca99a270','30','恐怖禁忌之红旗袍','2017-03-28 11:17:26','2017-03-28 12:41:37','1小时24分9秒','admin','2D'),('0012408e369b','54','哥斯拉','2017-03-28 11:26:01','2017-03-28 13:29:10','2小时3分7秒','admin','2D'),('0040ca99a270','67','大空头','2017-03-28 13:50:09','2017-03-28 16:00:27','2小时10分15秒','终端用户','2D'),('0012408e369b','54','哥斯拉','2017-03-28 15:08:11','2017-03-28 16:44:51','2小时3分7秒','admin','2D'),('0040ca99a270','7','谎言大爆炸','2017-03-28 16:47:06','2017-03-28 18:11:19','1小时24分11秒','终端用户','2D'),('0040ca99a270','44','X射线营地','2017-03-28 18:26:41','2017-03-28 20:23:38','2小时57分54秒','终端用户','2D'),('0040ca99a270','11','美国队长3：英雄内战','2017-03-29 11:09:00','2017-03-29 11:09:53','2小时28分41秒','终端用户','2D'),('0040ca99a270','41','猫的葬礼','2017-03-29 11:09:55','2017-03-29 12:56:59','2小时47分1秒','admin','2D'),('0040ca99a270','13','蜜月酒店杀人事件','2017-03-29 13:01:14','2017-03-29 13:01:16','2小时32分29秒','admin','2D'),('0040ca99a270','13','蜜月酒店杀人事件','2017-03-29 13:01:31','2017-03-29 13:01:33','2小时32分29秒','admin','2D'),('0040ca99a270','13','蜜月酒店杀人事件','2017-03-29 13:01:40','2017-03-29 13:01:42','2小时32分29秒','admin','2D'),('0040ca99a270','13','蜜月酒店杀人事件','2017-03-29 13:02:40','2017-03-29 13:02:42','2小时32分29秒','终端用户','2D'),('0040ca99a270','9739','夺路而逃','2017-03-29 13:03:46','2017-03-29 13:04:00','0小时0分0秒','终端用户','2D'),('0040ca99a270','17','刑警兄弟','2017-03-29 13:14:50','2017-03-29 13:14:51','2小时33分59秒','admin','2D'),('0040ca99a270','38','飞鹰艾迪','2017-03-29 13:14:59','2017-03-29 13:15:00','2小时46分10秒','admin','2D'),('0040ca99a270','11','美国队长3：英雄内战','2017-03-29 13:15:06','2017-03-29 13:15:07','2小时28分41秒','admin','2D'),('0040ca99a270','24','爱丽丝梦游仙境2：镜中奇遇记','2017-03-29 13:15:15','2017-03-29 13:15:17','2小时53分19秒','admin','2D'),('0040ca99a270','16','X战警：天启','2017-03-29 13:15:22','2017-03-29 13:15:24','2小时24分57秒','admin','2D'),('0012408e369b','54','哥斯拉','2017-03-29 14:08:52','2017-03-29 14:09:21','2小时3分7秒','admin','2D'),('0012408e369b','64','火锅英雄','2017-03-29 14:21:41','2017-03-29 15:00:14','2小时39分45秒','admin','2D'),('0012408e369b','41','猫的葬礼','2017-03-29 15:15:54','2017-03-29 15:46:03','2小时47分1秒','admin','2D'),('0040ca99a270','38','飞鹰艾迪','2017-03-29 16:30:59','2017-03-29 16:31:00','0小时0分0秒','admin','2D'),('0040ca99a270','16','X战警：天启','2017-03-29 16:31:08','2017-03-29 18:16:19','2小时24分57秒','admin','2D'),('0012408e369b','23','梦想合伙人','2017-03-29 18:41:49','2017-03-29 18:52:31','2小时41分22秒','终端用户','2D'),('0012408e369b','64','火锅英雄','2017-03-30 09:05:04','2017-03-30 09:06:54','2小时39分45秒','admin','2D'),('0012408e369b','39','高跟鞋先生','2017-03-30 09:13:44','2017-03-30 09:27:39','2小时34分13秒','admin','2D'),('0040ca99a270','21','妖医','2017-03-30 10:22:11','2017-03-30 11:42:02','1小时20分49秒','终端用户','2D'),('0040ca99a270','20','大唐玄奘','2017-03-30 12:25:25','2017-03-30 12:25:26','0小时0分0秒','终端用户','2D'),('0040ca99a270','11','美国队长3：英雄内战','2017-03-30 13:54:10','2017-03-30 13:54:11','0小时0分0秒','终端用户','2D'),('0040ca99a270','22','愤怒的小鸟','2017-03-30 13:54:19','2017-03-30 13:54:21','0小时0分0秒','终端用户','2D'),('0040ca99a270','17','刑警兄弟','2017-03-30 13:54:27','2017-03-30 13:54:29','0小时0分0秒','终端用户','2D'),('0040ca99a270','33','笨贼别跑','2017-03-30 15:04:46','2017-03-30 16:31:14','1小时30分38秒','admin','2D'),('0012408e369b','33','笨贼别跑','2017-03-31 09:20:57','2017-03-31 09:21:39','1小时30分38秒','admin','2D'),('0040ca99a271','14','谁的青春不迷茫','2017-03-31 15:10:05','2017-03-31 15:36:40','2小时48分15秒','终端用户','2D'),('0040ca99a271','14','谁的青春不迷茫','2017-03-31 15:36:52','2017-03-31 17:04:41','2小时48分15秒','终端用户','2D'),('0040ca99a271','48','德古拉元年','2017-03-31 18:02:41','2017-03-31 18:34:08','2小时32分8秒','终端用户','2D'),('0040ca99a271','14','谁的青春不迷茫','2017-03-31 18:34:15','2017-03-31 18:35:54','2小时48分15秒','终端用户','2D'),('0040ca99a271','14','谁的青春不迷茫','2017-03-31 18:35:32','2017-03-31 18:35:54','2小时48分15秒','终端用户','2D'),('0040ca99a271','58','碟中谍5：神秘国度','2017-03-31 18:46:48','2017-03-31 20:58:37','2小时12分33秒','终端用户','2D'),('0040ca99a270','46','冬荫功2：拳霸天下','2017-04-01 11:55:51','2017-04-01 13:40:27','2小时45分33秒','终端用户','2D'),('0012408e369b','67','大空头','2017-04-05 09:44:27','2017-04-05 09:44:41','2小时10分15秒','admin','2D');
/*!40000 ALTER TABLE `terminal_play_log` ENABLE KEYS */;
UNLOCK TABLES;

--
-- Table structure for table `videolist`
--

DROP TABLE IF EXISTS `videolist`;
/*!40101 SET @saved_cs_client     = @@character_set_client */;
/*!40101 SET character_set_client = utf8 */;
CREATE TABLE `videolist` (
  `id` varchar(64) CHARACTER SET utf8 NOT NULL DEFAULT '',
  `file_name` varchar(64) CHARACTER SET utf8 DEFAULT NULL,
  `down_time` varchar(64) CHARACTER SET utf8 DEFAULT NULL,
  `release_date` varchar(64) CHARACTER SET utf8 DEFAULT NULL,
  `play_type` int(11) DEFAULT NULL,
  `play_times` int(11) DEFAULT NULL,
  `time` varchar(64) CHARACTER SET utf8 DEFAULT NULL,
  `down_status` int(11) DEFAULT NULL,
  `file_path` varchar(64) DEFAULT NULL,
  `save_name` varchar(64) DEFAULT NULL,
  `size` varchar(64) DEFAULT NULL,
  PRIMARY KEY (`id`)
) ENGINE=InnoDB DEFAULT CHARSET=latin1;
/*!40101 SET character_set_client = @saved_cs_client */;

--
-- Dumping data for table `videolist`
--

LOCK TABLES `videolist` WRITE;
/*!40000 ALTER TABLE `videolist` DISABLE KEYS */;
INSERT INTO `videolist` VALUES ('10','马小乐之玩具也疯狂','1490776201','2016-04-30',1,0,'4593',2,'/2016/1028/','fecd8f43c3c20eccdf8b82f719330206.ts','4096971388'),('14','谁的青春不迷茫','1490773201','2016-04-22',1,0,'6495',2,'/2016/1028/','788e7386bde3a1d6171ed690be8eb407.ts','3893359304'),('16','X战警：天启','1487368502','2016-05-09',1,0,'8637',2,'/2016/1028/','bd1c32c506728d45914cdb39c37a6e09.ts','10764298516'),('18','夜孔雀','1487272501','2016-05-20',1,0,'5093',2,'/2016/1028/','59b4c7dd2667f5cfb176a8e67b5b29e5.ts','3719257580'),('19','再见，在也不见','1490774101','2016-05-13',1,0,'6508',2,'/2016/1028/','fbc13d2667486807f50c5d9930c38e55.ts','4723042408'),('21','妖医','1487148901','2016-05-27',1,0,'4789',2,'/2016/1028/','dccd1940dccb683f54041ff0f0cd51b1.ts','6785363116'),('23','梦想合伙人','1490775602','2016-04-29',1,0,'6082',2,'/2016/1028/','2e697578739456062879116dad29c44b.ts','5446609664'),('24','爱丽丝梦游仙境2：镜中奇遇记','1487311801','2016-05-27',1,0,'6799',2,'/2016/1028/','305cd46683843863d0cfa590b39fef1b.ts','5126095796'),('26','同城邂逅','1487337001','2016',1,0,'5839',2,'/2016/1031/','bfc9cd338b0fb0667285d08556e112d1.ts','5260758504'),('28','女汉子真爱公式','1490775602','2016-03-18',1,0,'5576',2,'/2016/1031/','c40b6d067c1e799245d21e9d301dfb37.ts','4227414624'),('29','床下有人3','1490774701','2016-03-11',1,0,'5265',2,'/2016/1031/','482bf61edf16b7ec70e7e5f8517cd845.ts','7455059912'),('3','男神抱抱','1487759701','2016-05-06',1,0,'5647',2,'/2016/1027/','98eb2987b63522be5e00733266649e7a.ts','7911767560'),('30','恐怖禁忌之红旗袍','1490776201','2016-03-17',1,0,'5049',2,'/2016/1031/','429df2478a9fe893152ff90f25fefa87.ts','3866484892'),('33','笨贼别跑','1487267101','2016-03-11',1,0,'5378',2,'/2016/1031/','c4d60bc2f7cd8e6b26f49099f563924d.ts','3932949848'),('34','蝙蝠侠大战超人：正义黎明','1487409901','2016-03-25',1,0,'10953',2,'/2016/1031/','7f2f2099e75e8c2d7b8f8d41d0808715.ts','24812000488'),('39','高跟鞋先生','1490773501','2016-02-14',1,0,'5653',2,'/2016/1031/','78edc02bb763fdcdfd8eb93958b35425.ts','4179942556'),('4','恐怖照相机','1487766301','2016-04-22',1,0,'5087',2,'/2016/1027/','c8a6ce4c5d6e77aaa1d076276b20704c.ts','7265076700'),('40','林中漫步','1489879501','2015',1,0,'6277',2,'/2016/1109/','ee321c8bf259970147dff5fee0a9b015.ts','15297224608'),('41','猫的葬礼','1487094301','2015',1,0,'6421',2,'/2016/1109/','b7f38a3f56f6a2b6c5367e88275c00bd.ts','15601402028'),('42','邻家美男团','1490149501','2015',1,0,'7006',2,'/2016/1109/','cf961c71010975ee2418178aafb584fa.ts','17698739992'),('43','迷失1971','1489841401','2014-10-10',1,0,'5964',2,'/2016/1109/','ad3f8e0195f4f86e7d00c980214f12ed.ts','14617914432'),('44','X射线营地','1490537101','2014-10-17',1,0,'7014',2,'/2016/1109/','2fb15acabae8a5a67539c4ae39bd8239.ts','17411334052'),('45','出棋制胜','1490535301','2015-09-16',1,0,'6943',2,'/2016/1109/','fbe90ae7d11c25afc7a432361bebd229.ts','16672708372'),('46','冬荫功2：拳霸天下','1490531101','2013-10-23',1,0,'6273',2,'/2016/1109/','ac8354f559026b57895d2124d376323b.ts','15504422792'),('47','单身男女2','1487700901','2014-11-11',1,0,'6793',2,'/2016/1109/','6b4a8a63eac1fcfc4cf4806060aabced.ts','16590074664'),('48','德古拉元年','1487605202','2014-10-10',1,0,'5528',2,'/2016/1109/','a6c686ebfd82e1d8ed480872f019bfd6.ts','13151479840'),('49','实验者','1487177401','2015',1,0,'5654',2,'/2016/1109/','c3be0a752388b5544b0742076f501b7d.ts','13949960772'),('5','一念天堂','1487251201','2015-12-31',1,0,'5836',2,'/2016/1027/','f2e866aa23502ffb471974b8f847f25f.ts','8165991688'),('50','如此美好','1489798501','2015-02-05',1,0,'7336',2,'/2016/1109/','5dda38e730c63dd5befd1e4d7d0d008e.ts','17858680616'),('51','地狱医院','1487128801','2014-10-24',1,0,'6760',2,'/2016/1109/','865102687f337fda2a2e448912626c5c.ts','16214815384'),('52','安妮：纽约奇缘','1489873201','2014-12-19',1,0,'7103',2,'/2016/1109/','cc0932ee5d59bdbdc98782bd50387097.ts','17306481188'),('53','泰迪熊2','1489510801','2015-06-26',1,0,'6932',2,'/2016/1109/','f51b23d714dfb89c5c5c72bd0360a042.ts','16709927108'),('54','哥斯拉','1489601701','2014-05-16',1,0,'7387',2,'/2016/1109/','4ebd5046ff14eef5553f6ee17b44297d.ts','17736741372'),('55','单亲度假村','1489626302','2014-05-23',1,0,'7033',2,'/2016/1109/','2cc0f7cbbf7dfadefb4403f1329c8d05.ts','17456033308'),('56','歌曲改变人生','1489770901','2013',1,0,'6265',2,'/2016/1109/','339b79d9ff2e67f027f97baca3fbd44d.ts','15588185252'),('58','碟中谍5：神秘国度','1490515501','2015-07-31',1,0,'7893',2,'/2016/1109/','3b9fdb3034dd9f2c83cd7167a81d22b6.ts','19644912044'),('59','模仿游戏','1487352301','2014-11-14',1,0,'6853',2,'/2016/1109/','0b0b572741bbca2bc3809e4c7c6a482b.ts','5002218836'),('60','致我们终将到来的爱情','1488433801','2016-01-29',1,0,'5407',2,'/2016/1109/','6ac2f53f25ed4cb3799ef857e16abf23.ts','7634715532'),('61','云中行走','1488503701','2015-10-02',1,0,'7391',2,'/2016/1109/','f0f51cd8c8e79f86f234788739dbe518.ts','18131210680'),('62','丹麦女孩','1488476401','2016-01-01',1,0,'7177',2,'/2016/1109/','327e7ee7000bd93ad506b3d6ebd78b35.ts','17746435592'),('63','奎迪_金牌拳手_洛奇7','1488392701','2015',1,0,'7990',2,'/2016/1109/','043769c457812f8b5e6a8298072c5cdc.ts','19154971824'),('64','火锅英雄','1487205002','2016-04-01',1,0,'5925',2,'/2016/1109/','bc59524a41eb71fea573a4b9cfa92c64.ts','6482111596'),('65','跟别人睡了','1487973901','2016-03-24',1,0,'6075',2,'/2016/1109/','292cdc0e716210415e00addf126c5a8e.ts','14465791788'),('66','魔法教师','1487952301','2015',1,0,'5130',2,'/2016/1109/','917773a69d24b73c10b546fc263e4425.ts','12545285496'),('67','大空头','1488002401','2015-12-23',1,0,'7815',2,'/2016/1109/','7d523102c03d96d971ee54e60b766bcc.ts','18483542796'),('69','卡罗尔','1488033001','2015-11-20',1,0,'7130',2,'/2016/1109/','30cce73796800dab54a3031d6ea7b678.ts','17631093080'),('7','谎言大爆炸','1487103902','2016-05-13',1,0,'5051',2,'/2016/1028/','b65140426804e1b0acd821cc73ef89ea.ts','7125749148'),('72','失常','1487707201','2015-12-30',1,0,'5451',2,'/2016/1109/','e42a89fdfeb5ac74c92495b37929c45a.ts','4958530456'),('73','福尔摩斯先生','1487196902','2015-06-19',1,0,'6224',2,'/2016/1109/','66305d78dda88ade12071a6f3638e827.ts','14965947176'),('74','伦敦陷落','1487670301','2016-04-08',1,0,'5904',2,'/2016/1109/','ced171e52a0bf701d3bbc7e4c87c11dc.ts','5035075220'),('9','青蛙总动员','1490774701','2016-04-30',1,0,'4352',2,'/2016/1028/','362c9237ee75b387a5994112007d3c8b.ts','3158803636');
/*!40000 ALTER TABLE `videolist` ENABLE KEYS */;
UNLOCK TABLES;
/*!40103 SET TIME_ZONE=@OLD_TIME_ZONE */;

/*!40101 SET SQL_MODE=@OLD_SQL_MODE */;
/*!40014 SET FOREIGN_KEY_CHECKS=@OLD_FOREIGN_KEY_CHECKS */;
/*!40014 SET UNIQUE_CHECKS=@OLD_UNIQUE_CHECKS */;
/*!40101 SET CHARACTER_SET_CLIENT=@OLD_CHARACTER_SET_CLIENT */;
/*!40101 SET CHARACTER_SET_RESULTS=@OLD_CHARACTER_SET_RESULTS */;
/*!40101 SET COLLATION_CONNECTION=@OLD_COLLATION_CONNECTION */;
/*!40111 SET SQL_NOTES=@OLD_SQL_NOTES */;

-- Dump completed on 2017-04-05 10:06:51
